Unnamed: 0,From,TimeStamp,To,TxHash,Value
0,0x1e3a6c35359d210f7542831f4b94808c9b5bee37,1512695724,0x4544451c39b3ca161ec5662e12a97aeec4ab753c,0xea1fac6a8bc2e66286d3c43ae31f3afe66c402df94a2a701c9c8f42dbd536aa9,30.0
1,0x4544451c39b3ca161ec5662e12a97aeec4ab753c,1512699761,0x840690bcae0257b9761e188a33b76d49d41e1c47,0xb4011718035804aa2f8fb6b900d11e510fcb9d9a5511fe9f7a259938946d4bc9,3.0
2,0x4544451c39b3ca161ec5662e12a97aeec4ab753c,1512714987,0xc2d36124ef743d19ea9ace7bb6bd3ab3165bf7db,0x05e76759462c62b30e419503ef6c5cd8a09cec5770b2e5b7f87020814edd4c80,20.0
3,0x236f9f97e0e62388479bf9e5ba4889e46b0273c3,1512731857,0x4544451c39b3ca161ec5662e12a97aeec4ab753c,0x81a062e3b6365374fe18a22a63d3df12207f10a6a6d9a9e7a713b41b68653248,5.0
4,0x3f5ce5fbfe3e9af3971dd833d26ba9b5c936f0be,1512733637,0x4544451c39b3ca161ec5662e12a97aeec4ab753c,0x04cd3415d06b8bf5d76c35ca6954486253d97cb79e0e5b6e90698c8370b2182a,18.0
5,0x3f5ce5fbfe3e9af3971dd833d26ba9b5c936f0be,1512735522,0xd75682234ea7676b9ce7d9a11ff4a0a4d23a8ddc,0x89722309d7c06a898ef66343875026db8833d7b66338779093af86278ffc95f7,0.4147
6,0xecfe4430078af0adf625946c352c59fa5e1d024f,1512736678,0x4544451c39b3ca161ec5662e12a97aeec4ab753c,0x9ecbe1513851ca289d1fe7cca8f7d73809af6206a7a09a2eacdd422ce64738dc,30.0
7,0x3f5ce5fbfe3e9af3971dd833d26ba9b5c936f0be,1512737790,0x4544451c39b3ca161ec5662e12a97aeec4ab753c,0x4f9e72fcb5a165939bd9321cb5fdae9d00a0da0f088f6487bac94967402a7cd2,15.00965467
8,0x4544451c39b3ca161ec5662e12a97aeec4ab753c,1512739606,0x9431c916f44ea12433abead5173b35c2f13c1423,0x2a5bc2afac4c5e1d18a900f1268d72933a9c44cb043e176f659a70077517f903,79.0
9,0x4544451c39b3ca161ec5662e12a97aeec4ab753c,1512748884,0x9041fe5b3fdea0f5e4afdc17e75180738d877a01,0x076f093cff49706a3c7077121039d847bbba7f775d48e8f9dbfea7ca66cfff76,0.0
10,0x3f5ce5fbfe3e9af3971dd833d26ba9b5c936f0be,1512782355,0x4544451c39b3ca161ec5662e12a97aeec4ab753c,0xbccf46335e3c02803895d2ca36838fd0be95bbe118ed386ebe535031ebeb7c4a,5.0
11,0x4544451c39b3ca161ec5662e12a97aeec4ab753c,1512788865,0x9041fe5b3fdea0f5e4afdc17e75180738d877a01,0x496b41ec713b61c4b49bcc1c7f942190b52ac9d0c1f38d02cbeab1c7a1364ed6,0.0
12,0xd524dfc33c7a1d4a941addbafd646ade2d161d16,1512883686,0x4544451c39b3ca161ec5662e12a97aeec4ab753c,0x93f2913ba863dbc257d2d33b9452acb1be406242a66a02850a114551efb7ae9a,30.0
13,0x4544451c39b3ca161ec5662e12a97aeec4ab753c,1512884472,0x840690bcae0257b9761e188a33b76d49d41e1c47,0xb0bbbece12bf4d0e6877e01ed6128de82797bc13cb35ceabb1dfa116fc78857d,35.2
14,0xd75682234ea7676b9ce7d9a11ff4a0a4d23a8ddc,1513128027,0xa30a91a5fc27580fa21fe859caad02172e2c7d4a,0x3f51cae33b523c3bc8d93bbecee3ef921d617778a4cf8a1011a155db6d9c5d6a,0.0133
15,0xa30a91a5fc27580fa21fe859caad02172e2c7d4a,1513141173,0xd75682234ea7676b9ce7d9a11ff4a0a4d23a8ddc,0x419195888a8559d1a4a3a3b576772f48112e46e189d4a6cfa2fdc4b9eef446e6,0.01
16,0x4544451c39b3ca161ec5662e12a97aeec4ab753c,1513213276,0xb97048628db6b661d4c2aa833e95dbe1a905b280,0x909797fab0921d12e8bf56717b30353fec39b011804edeb7b364203ae0b13d86,0.0
17,0x3f5ce5fbfe3e9af3971dd833d26ba9b5c936f0be,1513219847,0xd75682234ea7676b9ce7d9a11ff4a0a4d23a8ddc,0xa8fb3b82d83b0ed0457943a61cafcd3aaa2a4c6156672e6edaf89a5d88a88a9a,6.72040031
18,0x05ee546c1a62f90d7acbffd6d846c9c54c7cf94c,1513219985,0x4544451c39b3ca161ec5662e12a97aeec4ab753c,0xf2d48b55266c4d4025c990bce98e231f975829d371733fe15df9d34cc12cf659,4.878
19,0x93f36930f94fbb5afc5fb506d3f7abb9179a4e4e,1513221015,0x4544451c39b3ca161ec5662e12a97aeec4ab753c,0xb4bd7b90692996ccb554a13b1c959401f1d4bc73e98ef8dc9451a9bf2452f5a0,9.919
20,0x3f5ce5fbfe3e9af3971dd833d26ba9b5c936f0be,1513222766,0x4544451c39b3ca161ec5662e12a97aeec4ab753c,0xb2e1115a2f22b2e3beffe7af2466226a2611ad92b566a7547cee9f182a012102,50.03369681
21,0x79c51dddc383ddd515ae5ee469096797e0fa5afb,1513226727,0xd75682234ea7676b9ce7d9a11ff4a0a4d23a8ddc,0x5fd304e08b9a432210b96afd42857bc9e901dbe306ab4b9c44881fb75ce376af,20.0
22,0xd75682234ea7676b9ce7d9a11ff4a0a4d23a8ddc,1513227299,0x56508513a3aebcf258f7b0fea4bb7fc857c4a5e5,0xd99c06de47b24291dfde501a9cbb90a547ab06007a2a16c39318ee315f4c4b6b,10.05
23,0x93f36930f94fbb5afc5fb506d3f7abb9179a4e4e,1513229568,0x4544451c39b3ca161ec5662e12a97aeec4ab753c,0x7b3a2a24195f6f6716ffad8a3b9259d2e3622b077e163d1097a1ef395ba57b98,11.3
24,0xdf95de30cdff4381b69f9e4fa8dddce31a0128df,1513236224,0x4544451c39b3ca161ec5662e12a97aeec4ab753c,0xf21d23bbf964e8ab5cb90c2018f66a10d5deecca1e5be19e655a30ca578a69eb,30.46
25,0x4544451c39b3ca161ec5662e12a97aeec4ab753c,1513242182,0x84a54669eb71c4f01e08a4e9beabd6c0b230569b,0x852fe1c7022728d729f7d567e7593d7daf300542e146cfe59d0a9771f8d11b54,23.4
26,0x4544451c39b3ca161ec5662e12a97aeec4ab753c,1513242246,0x478d5c1cfdd1763d336b4f153d7169fa1007692b,0x12cda70a4ba7dd497a0403db6896375ddc3c07540e8ea553b1c8c37300ad163d,11.4
27,0x4544451c39b3ca161ec5662e12a97aeec4ab753c,1513242856,0x70e71e17c4fdc21a3cc6577fb487761cdc94b440,0x7a40f9ef6bf45b309ff2ad72b2dcf5292093650389e42fb0b0eedfc560e03f75,23.4
28,0x4544451c39b3ca161ec5662e12a97aeec4ab753c,1513243055,0xdeb6f3efdb33baea025bf0d8a9a068e45f671dab,0x0d79e3ef761aa92ee3589a2ce0a19a29cf32accbae0d9e649e4a1d197d8bbfa7,23.4
29,0x93f36930f94fbb5afc5fb506d3f7abb9179a4e4e,1513250521,0x4544451c39b3ca161ec5662e12a97aeec4ab753c,0x39266dd710f55100d649d3cb46661d6b022786ad0c3b8c4ef4e1c623d8934181,6.6262
30,0x4544451c39b3ca161ec5662e12a97aeec4ab753c,1513250584,0x56508513a3aebcf258f7b0fea4bb7fc857c4a5e5,0x93c564047716539478480ac91f63deda54820c58ff02b0076006e5d634c72f4f,8.05
31,0x4544451c39b3ca161ec5662e12a97aeec4ab753c,1513252944,0xc5bbae50781be1669306b9e001eff57a2957b09d,0xf3c4afb609e5dbf9bff2d4984e99281c78769b0c7f5919773849be0e036955e2,23.0
32,0xd75682234ea7676b9ce7d9a11ff4a0a4d23a8ddc,1513252971,0xc5bbae50781be1669306b9e001eff57a2957b09d,0xd60817b57672d759294e4949f714f5f2041b3934cbe66c46f1db23fac4b69954,17.0
33,0xd75682234ea7676b9ce7d9a11ff4a0a4d23a8ddc,1513253110,0xc5bbae50781be1669306b9e001eff57a2957b09d,0x8edcaa3c9d48726e5016f682842650814f2f14e5aeb3389ac9d7be58b1335ac1,17.0
34,0xd75682234ea7676b9ce7d9a11ff4a0a4d23a8ddc,1513253856,0xc5bbae50781be1669306b9e001eff57a2957b09d,0xd510024f9ddca740aa20c75914f1527e2eb3b730073311953e548dbbe59d9929,17.0
35,0xd75682234ea7676b9ce7d9a11ff4a0a4d23a8ddc,1513253998,0xc5bbae50781be1669306b9e001eff57a2957b09d,0x85174b92dbc3917c5c05928eac3b47754300b84817364d501f2429477b6e44b4,17.0
36,0x56508513a3aebcf258f7b0fea4bb7fc857c4a5e5,1513254384,0x4544451c39b3ca161ec5662e12a97aeec4ab753c,0xf8bbf7ecd3aee0900bb6561db3c3e4188eba1d91e9518d8234a227c055871e67,8.02
37,0xd75682234ea7676b9ce7d9a11ff4a0a4d23a8ddc,1513255414,0x30ea6ed3612ba234ed7c7284639b6651722784c1,0x11fb3c5e1614bc080e39f1ee2f1e101b18c896669985d95184f9dcbc620e4a91,10.0
38,0x478d5c1cfdd1763d336b4f153d7169fa1007692b,1513256819,0x4544451c39b3ca161ec5662e12a97aeec4ab753c,0x45325ab9226a222a89543a498357b5fcaab0a20ef7851558799211cd3f32e21f,23.0
39,0x4544451c39b3ca161ec5662e12a97aeec4ab753c,1513256927,0x840690bcae0257b9761e188a33b76d49d41e1c47,0x682d5c65d57dcdbba26e402605e7c58da4be9136cac30c0cbec73ceedd1ef541,50.0
40,0x70e71e17c4fdc21a3cc6577fb487761cdc94b440,1513258200,0x4544451c39b3ca161ec5662e12a97aeec4ab753c,0xde3521daf344e8292505942475af4b623837ebacc79797b9758401d5f160f4cb,23.38
41,0xdeb6f3efdb33baea025bf0d8a9a068e45f671dab,1513258239,0x4544451c39b3ca161ec5662e12a97aeec4ab753c,0xca6376a856667ff94562f1740822b06b7f8e958aa79895ae5867b87324b0d870,23.394
42,0x84a54669eb71c4f01e08a4e9beabd6c0b230569b,1513258366,0x4544451c39b3ca161ec5662e12a97aeec4ab753c,0x6ae447556642f53bc6e2e1ec8342aa7725111c8d4d9a865a417ad0513bf75701,23.367
43,0x4544451c39b3ca161ec5662e12a97aeec4ab753c,1513258630,0x840690bcae0257b9761e188a33b76d49d41e1c47,0x0a007da1920f74a14b959c40f32bdd3fa36bfb86bcc68c97a5dbc070c801b0b0,74.7
44,0xd75682234ea7676b9ce7d9a11ff4a0a4d23a8ddc,1513341935,0x4247dc579a96d38316f10d2652ef9f42d91a00c8,0x93e46716e1a441e3cc6c12e6ae726cc928a51ecc0bb0a284de0cfa97053f15f9,7.0
45,0x93f36930f94fbb5afc5fb506d3f7abb9179a4e4e,1513399007,0x4544451c39b3ca161ec5662e12a97aeec4ab753c,0x525f08698d15a3b8e11286d34176e56e91fd6d560d49520d248101de73bf5469,2.089
46,0x4544451c39b3ca161ec5662e12a97aeec4ab753c,1513400249,0x5cd352ab255c71eb840bf8da75e5a0f481d488db,0x09a53916542379baf4aecc947100f1f89cd04db87de87a41b97abb1282bb4947,2.089
47,0x4544451c39b3ca161ec5662e12a97aeec4ab753c,1513476102,0x0e0989b1f9b8a38983c2ba8053269ca62ec9b195,0x82f48c23b9f871b6083b1a75b97b442afdf9d4cb97aa26e1fa0e670fb53d0710,0.0
48,0x4544451c39b3ca161ec5662e12a97aeec4ab753c,1513529373,0x0e0989b1f9b8a38983c2ba8053269ca62ec9b195,0xd7ecacfb03123de315cf5c29fbcf13424ea4c3426a648e14f00680c21d4a4e23,0.0
49,0x4544451c39b3ca161ec5662e12a97aeec4ab753c,1513529485,0x51db5ad35c671a87207d88fc11d593ac0c8415bd,0xabfdc31627f3bcb1249932096cf81324dc3161215330d304cecebf2c92ee3712,0.0
50,0xd75682234ea7676b9ce7d9a11ff4a0a4d23a8ddc,1513576495,0x0e0989b1f9b8a38983c2ba8053269ca62ec9b195,0xbe8328a75846ab904ae00f6a744ff8928ef54fe973cc5faa067e8bec50245dfd,0.0
51,0x3f5ce5fbfe3e9af3971dd833d26ba9b5c936f0be,1513586174,0x4544451c39b3ca161ec5662e12a97aeec4ab753c,0x59139bc069c10eaef564a35ee4bf76e5d39837655b493041b52fa25dbfa09fe0,20.06348475
52,0x3f5ce5fbfe3e9af3971dd833d26ba9b5c936f0be,1513588201,0x4544451c39b3ca161ec5662e12a97aeec4ab753c,0x09432792487bf04cdf5c06bd1adb4772fcd80798fd62186ba268e89a49f30432,31.27320829
53,0x3f5ce5fbfe3e9af3971dd833d26ba9b5c936f0be,1513594205,0x4544451c39b3ca161ec5662e12a97aeec4ab753c,0x08ff50c6dc633a58a1fa38040cd35612c5337082acd6b74c0039cc546e0778d4,30.03118673
54,0x4544451c39b3ca161ec5662e12a97aeec4ab753c,1513594304,0x40e3be6b2d434fb10d4f4fbe375a82cdf06878a5,0xdf4b0fbb87298bd198239ffc0bc9db0e18d416dcd4a8a56fb530dd671e84f047,30.0
55,0x4544451c39b3ca161ec5662e12a97aeec4ab753c,1513594369,0x8b65519e25f8995b631912f03956efda28dd8fdc,0x50dd4bdeb5bcaab788bbbf2a17ba1de358e0ba158d811f21faff71c2c50f846d,50.0
56,0x236f9f97e0e62388479bf9e5ba4889e46b0273c3,1513596386,0xd75682234ea7676b9ce7d9a11ff4a0a4d23a8ddc,0x51c5d7f6f4d8c8456d1a09744f9bc536ebd9c0ac91eef6ce61c2f99c9be013a1,13.144
57,0xd75682234ea7676b9ce7d9a11ff4a0a4d23a8ddc,1513604938,0x30ea6ed3612ba234ed7c7284639b6651722784c1,0x46662cdcca220aa6e038fec50fe4ae37fbc97b1d34fdc74e926e218a464e3a2f,13.5
58,0x4544451c39b3ca161ec5662e12a97aeec4ab753c,1513656458,0x263c618480dbe35c300d8d5ecda19bbb986acaed,0xfccee504ba1fc9c36e3d185f30b16670854e3f88838739216d93910c6cf5dda9,0.0
59,0x4544451c39b3ca161ec5662e12a97aeec4ab753c,1513657096,0x263c618480dbe35c300d8d5ecda19bbb986acaed,0x7e017af8eabe98b442612520ac45bc6c74bfad14d3df8e8eb9b5e2412ac37d5a,0.0
60,0x4544451c39b3ca161ec5662e12a97aeec4ab753c,1513657704,0x263c618480dbe35c300d8d5ecda19bbb986acaed,0xadeb1ff288132ff1bcfc93b89b24d6da14473992817dcf7ba2c5349c004aae8c,0.0
61,0x4544451c39b3ca161ec5662e12a97aeec4ab753c,1513690504,0x0df1f2b5ddaa7946cb78dd1fa7109cb6a05e42f3,0xb8ee3013fc7f259ffb26541f982e48501f1a61b0bba10863a36d7b35cb2ba731,0.002
62,0x4544451c39b3ca161ec5662e12a97aeec4ab753c,1513690937,0xff603f43946a3a28df5e6a73172555d8c8b02386,0x965f308f97c36008015a16d178cfe08536cc50732c5e23ea73ecf622c8d7c1fb,0.0
63,0xd75682234ea7676b9ce7d9a11ff4a0a4d23a8ddc,1513700123,0xc5bbae50781be1669306b9e001eff57a2957b09d,0xa4417151c7242417f937e7ad79d78abbfe9ad72142e315f30ea8214ff7d5ea33,0.0
64,0xd75682234ea7676b9ce7d9a11ff4a0a4d23a8ddc,1513740913,0xb64ef51c888972c908cfacf59b47c1afbc0ab8ac,0x45f1f38a72b030e1676b16024e4ccd1515002a9fc18b84ef1ad65dd462e36400,0.0
65,0x236f9f97e0e62388479bf9e5ba4889e46b0273c3,1513745194,0xd75682234ea7676b9ce7d9a11ff4a0a4d23a8ddc,0xd694c931c8fb79c7ba2823034c6021814548c070209ccb2264a733b2a210ac94,17.99
66,0x4544451c39b3ca161ec5662e12a97aeec4ab753c,1513757661,0x20e94867794dba030ee287f1406e100d03c84cd3,0x4f743afe1a01702e5b186431fd2ae15706c3e0f4496585d5ec1f165c0b1ef748,0.0
67,0x4544451c39b3ca161ec5662e12a97aeec4ab753c,1513759336,0x20e94867794dba030ee287f1406e100d03c84cd3,0x5058f6d8cfdc5ed683d00f85c33e77993a2ed801a7fe9b97f57f74f5ce1fc074,0.0
68,0x4544451c39b3ca161ec5662e12a97aeec4ab753c,1513759781,0x20e94867794dba030ee287f1406e100d03c84cd3,0xdb45471aa871de442f840263383b37ee47b3e6e1c34588f79f6867e132f96499,0.0
69,0x4544451c39b3ca161ec5662e12a97aeec4ab753c,1513762108,0x20e94867794dba030ee287f1406e100d03c84cd3,0x628d9e0126aec4f6b08a305fd0aeae2ae395a6c8d38f45cd76aa00c9e77a6bc3,0.0
70,0x4544451c39b3ca161ec5662e12a97aeec4ab753c,1513763679,0x20e94867794dba030ee287f1406e100d03c84cd3,0x2190732dfee1dab62a449b2e568c3cbaec2fae5dbb95cce9ca6dc55313725774,0.0
71,0x4544451c39b3ca161ec5662e12a97aeec4ab753c,1513767227,0x20e94867794dba030ee287f1406e100d03c84cd3,0x790bc132ab508df73005162893c57de66d1effb7e10a89958fa925251aebf38b,0.0
72,0x4544451c39b3ca161ec5662e12a97aeec4ab753c,1513776695,0x20e94867794dba030ee287f1406e100d03c84cd3,0xb5f003a70a22316d0dff1b196f2128d3ba76c90e080dc1ab48e29d6698d4b799,0.0
73,0x4544451c39b3ca161ec5662e12a97aeec4ab753c,1513779271,0x1990fa7355a6c56dd8af6c963542e7f05978c54d,0x47acb2a360ed62f6e3e264889f9d7ca6d2eb35301a10470eff394ac5ce33bd1c,0.5
74,0x4544451c39b3ca161ec5662e12a97aeec4ab753c,1513786535,0x86fa049857e0209aa7d9e616f7eb3b3b78ecfdb0,0x53ba32e01486746ec423df35cedb88fe087490f6f02de44e345620931c48bd2c,0.0
75,0x4544451c39b3ca161ec5662e12a97aeec4ab753c,1513821708,0xc5bbae50781be1669306b9e001eff57a2957b09d,0x26f16dc8e977e1ab6e82b5574062da488ee9d393737551dcbce299866bf4f2c4,0.0
76,0xb47fd2d696e83500ea4c60057da4942e7104aae5,1513822129,0x4544451c39b3ca161ec5662e12a97aeec4ab753c,0xeb57b7fae46398393ddd49916cc983b410dbae23fc012951072b2167e019bbbd,3.62
77,0x4544451c39b3ca161ec5662e12a97aeec4ab753c,1513822158,0xc5bbae50781be1669306b9e001eff57a2957b09d,0x6410197d6a5483a757e51caf999b3d6ae16920ac777bac739842fc1637dcec4a,0.0
78,0xd75682234ea7676b9ce7d9a11ff4a0a4d23a8ddc,1513823106,0x66186008c1050627f979d464eabb258860563dbe,0x29aa3fe4321f28b12eea64f0e624e0d8513e9447d9364e449eec4efbf5c4b3a7,0.0
79,0x8b65519e25f8995b631912f03956efda28dd8fdc,1513831888,0x4544451c39b3ca161ec5662e12a97aeec4ab753c,0x50b9afd041c39a5106f53f7410f49a940e5f723168e1bb3dc15db3f77e26ce3c,50.0
80,0x4544451c39b3ca161ec5662e12a97aeec4ab753c,1513832738,0x79c51dddc383ddd515ae5ee469096797e0fa5afb,0x048a685bac24eeaa436dac1a832357d6e5ad9df20c5fabad9c5b306cd8c50500,30.0
81,0x3f5ce5fbfe3e9af3971dd833d26ba9b5c936f0be,1513833356,0xd75682234ea7676b9ce7d9a11ff4a0a4d23a8ddc,0x400c55869254c51ea0fafbacc0cd31f94c46cfe6d72ad7ad58d88b6220957b3e,5.8
82,0x4544451c39b3ca161ec5662e12a97aeec4ab753c,1513833734,0x79c51dddc383ddd515ae5ee469096797e0fa5afb,0x18edbe8daef287595e7c359f2289ad341063e83e614e61b351079b872d9ab6b5,21.0
83,0x4544451c39b3ca161ec5662e12a97aeec4ab753c,1513834012,0xfcc857b25fbc93c458330087f01332bc815656f4,0x7e85c3a635cc1c2d54d8c6022b9e63cdeba693cb909ad548b48a0d9d445004b6,3.5
84,0x3f5ce5fbfe3e9af3971dd833d26ba9b5c936f0be,1513835838,0x4544451c39b3ca161ec5662e12a97aeec4ab753c,0x587ed5ec5780f1dffb5809898d85795554aa0f9299575c6c8435934fe73c495f,32.21761148
85,0x4544451c39b3ca161ec5662e12a97aeec4ab753c,1513836263,0x72a6d23444095f8d863e7e12daa535f175352d4e,0x7ecd786497f4f396e558cd763169aa57290342482b65981cbce48ef6e0060cb0,32.0
86,0x4544451c39b3ca161ec5662e12a97aeec4ab753c,1513836550,0xc5bbae50781be1669306b9e001eff57a2957b09d,0x199dd183e4453a51a6b5cc62b86988bb6481d02affd3d6235ea5a12a5e7984ff,0.0
87,0x3f5ce5fbfe3e9af3971dd833d26ba9b5c936f0be,1513836614,0xd75682234ea7676b9ce7d9a11ff4a0a4d23a8ddc,0x3f0600391d5f8bae4ee53106281883694cbc5bffde83498fc0b96dabb5fd75aa,15.136
88,0x3f5ce5fbfe3e9af3971dd833d26ba9b5c936f0be,1513860869,0x4544451c39b3ca161ec5662e12a97aeec4ab753c,0x8dab9f857f102f05c94733f02bb8300e23fe819ba7f8d18ba2f3cba80ee3db02,35.19436258
89,0x4544451c39b3ca161ec5662e12a97aeec4ab753c,1513861047,0x82eb798c6eee1195876c6d75357671014b7e9848,0x71b754f6e4012b8b66dc0ede099f53681d0dc767842d22e4e5e35b1f36a20119,30.0
90,0x4544451c39b3ca161ec5662e12a97aeec4ab753c,1513910908,0xe348ac4ee8c6ae6f71330ff94c8fac9793cd244e,0xc9571fb1627275b3f22749f3add1f94d4595f37d314844169c887920473ff58b,5.0
91,0x4544451c39b3ca161ec5662e12a97aeec4ab753c,1513968328,0x20e94867794dba030ee287f1406e100d03c84cd3,0x31dd9f8cd04f8c3699b43a4c74694299b3871584e22d53c10eb42210089a94ab,0.0
92,0x1e3a6c35359d210f7542831f4b94808c9b5bee37,1513992746,0x4544451c39b3ca161ec5662e12a97aeec4ab753c,0x55e8e992b55d59d162ab828576df44adc17b55e2e99335449dbc6c42fdc741e5,30.0
93,0x4544451c39b3ca161ec5662e12a97aeec4ab753c,1514005455,0xce9e1e4c243b9dbe434079835b565a07f03b58af,0xba045dc5551f3d6dae3733ae1c76ada110e580c2b4d1ed3cefb099a7f09a8b45,3.774
94,0x4544451c39b3ca161ec5662e12a97aeec4ab753c,1514104500,0x7adcd8529923e6fbf3651311eb4b39a99489755e,0x7db409c253fa2a9da838decee5916f6a622d6935ad4f9863dbf758d5194fcd8f,25.0
95,0x4544451c39b3ca161ec5662e12a97aeec4ab753c,1514115234,0x20e94867794dba030ee287f1406e100d03c84cd3,0x13190ef0bdf9f1bba7c988b4ae5ce28a8f6b27ab976aafbcb20963b9832f8aaf,0.0
96,0x7b74c19124a9ca92c6141a2ed5f92130fc2791f2,1514129975,0x4544451c39b3ca161ec5662e12a97aeec4ab753c,0x2b283a48b05f7a20d370168596c4e611ddba4b4ddf76507bdcb17cf8f558989b,117.67201
97,0x4544451c39b3ca161ec5662e12a97aeec4ab753c,1514130388,0x840690bcae0257b9761e188a33b76d49d41e1c47,0x767a304e54f230d898e76c5ae891e07b62f9e9745d43cf55c995367aab1b5dcd,119.0
98,0xd75682234ea7676b9ce7d9a11ff4a0a4d23a8ddc,1514200944,0x4544451c39b3ca161ec5662e12a97aeec4ab753c,0xc970927f53eb243c1d9dd6fd1982536a0ee6381d4657eac60b5e502779851a2e,30.0
99,0x05ee546c1a62f90d7acbffd6d846c9c54c7cf94c,1514203967,0xd75682234ea7676b9ce7d9a11ff4a0a4d23a8ddc,0x2ed573034524e4ebf3501bc390e1f970efb848cdfda14aa0b477e23c0af3928e,11.204
100,0x4544451c39b3ca161ec5662e12a97aeec4ab753c,1514207050,0x8bbca007d6743d8bf260725049a95d805f4415ce,0xf9de900f91fdc73e7e54ae3c3313cacb32291e3615b713925ebab8a2489c9b89,20.0
101,0x3f5ce5fbfe3e9af3971dd833d26ba9b5c936f0be,1514251803,0x4544451c39b3ca161ec5662e12a97aeec4ab753c,0x758b46fcd6c8834f73eab54c513e39a8ccd4e3989178f1df9179b337264e1c66,5.0
102,0x3f5ce5fbfe3e9af3971dd833d26ba9b5c936f0be,1514252474,0x4544451c39b3ca161ec5662e12a97aeec4ab753c,0x585cc394f7062ead99c12b04b5f1ff4a7dc8e63a6d7974cb8ce901ed165397dd,4.7
103,0x3f5ce5fbfe3e9af3971dd833d26ba9b5c936f0be,1514252820,0x4544451c39b3ca161ec5662e12a97aeec4ab753c,0x7e52a9fdee94a99d6ff2c90cc787b1f30eb337b332be98ceec006b841564e43f,5.3
104,0x236f9f97e0e62388479bf9e5ba4889e46b0273c3,1514253188,0x4544451c39b3ca161ec5662e12a97aeec4ab753c,0xbc069fc766f6769560613d4b4056d54d7f1d76bb9fc7bd01e7bef526ca1a7ea3,4.0
105,0xd75682234ea7676b9ce7d9a11ff4a0a4d23a8ddc,1514256336,0x20e94867794dba030ee287f1406e100d03c84cd3,0x4d6cbb4a968f5d2a98a39ef53514ce3e07bcb968401dfb99cd8b56f7662fbdd9,0.0
106,0xd75682234ea7676b9ce7d9a11ff4a0a4d23a8ddc,1514257030,0x20e94867794dba030ee287f1406e100d03c84cd3,0x2f1853ac62a3c3ec4d42d68a2d9cd32edace987bce994486303b0875ea42eeb2,0.0
107,0xd75682234ea7676b9ce7d9a11ff4a0a4d23a8ddc,1514258412,0x4544451c39b3ca161ec5662e12a97aeec4ab753c,0xef743cb50799f06cf438bf67f0caaa074f020439f343dff211cd6c2dd855d469,20.0
108,0x3f5ce5fbfe3e9af3971dd833d26ba9b5c936f0be,1514258601,0x4544451c39b3ca161ec5662e12a97aeec4ab753c,0xe49772bcb018833f255d6def3d07b86f1a54a3cda3e5b8e2d124422ca92314ab,78.10193072999998
109,0x3f5ce5fbfe3e9af3971dd833d26ba9b5c936f0be,1514258809,0x4544451c39b3ca161ec5662e12a97aeec4ab753c,0xa1908d1c219206a22f33bfcde90791b0d0cc232882eb97f414e6bb636d0a0fe9,32.51008204
110,0x4544451c39b3ca161ec5662e12a97aeec4ab753c,1514258916,0xdf46a4cf3f849cb328e48a0d2845136ecb2ba583,0x2ff9568db0cda4d91178b738ef410935de41462836b5bc751364ba593ae1a4a9,159.0
111,0x74adb2bf390cad90c195d93bd93f656ab90c0435,1514258982,0x4544451c39b3ca161ec5662e12a97aeec4ab753c,0x9b9291d71291ccb4b77c2c9efe21350389419a7b8361ab0f1e971ec22e4b4bb1,4.0
112,0x3f5ce5fbfe3e9af3971dd833d26ba9b5c936f0be,1514259853,0x4544451c39b3ca161ec5662e12a97aeec4ab753c,0x060cfde1ab303da02abf77d1bc81ce9cd1388ac9f2658e35562de123f28486c9,5.0
113,0x7b74c19124a9ca92c6141a2ed5f92130fc2791f2,1514273952,0xd75682234ea7676b9ce7d9a11ff4a0a4d23a8ddc,0xec684838680034192887c44bb0da6180797a0154e03660c8d2c520297f6b2b5d,12.251407
114,0xd75682234ea7676b9ce7d9a11ff4a0a4d23a8ddc,1514274380,0x56508513a3aebcf258f7b0fea4bb7fc857c4a5e5,0xbc9d5ba280752c2dd5b1a434a58654ed486e212ed53a32db27b75c9c3a7fec2f,10.0
115,0x3f5ce5fbfe3e9af3971dd833d26ba9b5c936f0be,1514274771,0xd75682234ea7676b9ce7d9a11ff4a0a4d23a8ddc,0x6bad2f119665cace5b244db86c8e6f4a98d24d329f1fb936e2751eb8437a0aaf,3.93042055
116,0x3f5ce5fbfe3e9af3971dd833d26ba9b5c936f0be,1514275629,0x4544451c39b3ca161ec5662e12a97aeec4ab753c,0x9196fd5a6bdadcdbfaf6266a277394960809bccff9a33c30255f4559ad32681e,16.84297058
117,0x4544451c39b3ca161ec5662e12a97aeec4ab753c,1514276068,0x56508513a3aebcf258f7b0fea4bb7fc857c4a5e5,0x65f346b771edc25fd1896f9b3a22cf2df43de68935bdb1dd5d9f6b07f34d8a53,25.0
118,0x478d5c1cfdd1763d336b4f153d7169fa1007692b,1514291275,0x4544451c39b3ca161ec5662e12a97aeec4ab753c,0xa7bbcf4ab170e9ea55597560c6a18da26f4595cf25ae0752e26ce642d7f9f960,0.3
119,0x4544451c39b3ca161ec5662e12a97aeec4ab753c,1514291532,0x2ffeecd6e3df6d968e141f227ce1c945a62a2a86,0x5600758cab21ba47e4403a37d2280648c66388df83592a1cd77092a0ea8615a8,2.0
120,0x3f5ce5fbfe3e9af3971dd833d26ba9b5c936f0be,1514365507,0x4544451c39b3ca161ec5662e12a97aeec4ab753c,0xa4a9d90b6264aa6793bbb5c4a8e349dc7e9868bd31fd37ff1d323e0dbd99f12d,21.19511235
121,0x4544451c39b3ca161ec5662e12a97aeec4ab753c,1514366040,0xdf46a4cf3f849cb328e48a0d2845136ecb2ba583,0xd6c72b5a726b7be2d27b5e4db264b6270ae67bc082da165acfedb7274448ebd3,21.0
122,0x4544451c39b3ca161ec5662e12a97aeec4ab753c,1514394378,0x20e94867794dba030ee287f1406e100d03c84cd3,0xede3748d5a399a8e272bcbcc30a9cdc8fb898548999ca9a129175131b3a3a4f8,0.0
123,0x9e6033edd6ce498cc82051d78ef8de7c509243e7,1514424862,0x4544451c39b3ca161ec5662e12a97aeec4ab753c,0x3b5a1b67dd58dc99b847c8453dd65311df41bc5545282778d4227e5204cbe212,0.0
124,0xaeec6f5aca72f3a005af1b3420ab8c8c7009bac8,1514467854,0x4544451c39b3ca161ec5662e12a97aeec4ab753c,0x212f55c6e40ddc248797dab1171e4d2b9788cb920bc24123db56f870c410ca80,28.8363
125,0xd0f33da5371db8f4744323111b86899d711b475a,1514469597,0x4544451c39b3ca161ec5662e12a97aeec4ab753c,0xb7f91d7a3ebbef3b31f5b954506d71accb71940ec96c83b6d390172639aa43ca,4.99
126,0x935c872530a4d084b212d6d07a3a48815a37916a,1514472372,0x4544451c39b3ca161ec5662e12a97aeec4ab753c,0xe9247cef248196cacc4544cfb344d6f25258c6dbbc0965d37e6e29dead908140,7.0
127,0x80fc26dd3f108c24a6f5ae316c9726cff35798db,1514473176,0x4544451c39b3ca161ec5662e12a97aeec4ab753c,0x1e28edef1f685fdb10cc5147286b26bf06e53c79cf04c6e0df74e775b0f3a0a7,7.984
128,0x4544451c39b3ca161ec5662e12a97aeec4ab753c,1514511229,0x840690bcae0257b9761e188a33b76d49d41e1c47,0xa5bfdf3cf0f60b60f12f385ff97e7b268738b16562e5c5207751cd3132f959a1,34.0
129,0x4544451c39b3ca161ec5662e12a97aeec4ab753c,1514534616,0x747d3a4f724a8a6c11690bb02cb8ef28c987017e,0xb70c98fa5dc7ed22c1470bf73c547ff1448ee3f7cbfcd99b021435666618d6b0,15.0
130,0x3f5ce5fbfe3e9af3971dd833d26ba9b5c936f0be,1514536338,0xd75682234ea7676b9ce7d9a11ff4a0a4d23a8ddc,0x469b586943e9f2979f713abe0a460b35683267f5fc32eaea41fe9b27d1bffb7f,23.1319852
131,0x56508513a3aebcf258f7b0fea4bb7fc857c4a5e5,1514536924,0x4544451c39b3ca161ec5662e12a97aeec4ab753c,0x655d369c81e2c736d4d38923c8c06b9e5153fa0c2f113beca8085d0f6af1ab63,6.0
132,0x05ee546c1a62f90d7acbffd6d846c9c54c7cf94c,1514538973,0x4544451c39b3ca161ec5662e12a97aeec4ab753c,0x770a73b080bade9d62e1a28813ad10fa8449e5600e5f64ae617a1675918b8ffc,7.217
133,0x3356e3169b41a5322ea09d5e786099134959c2c9,1514541354,0x4544451c39b3ca161ec5662e12a97aeec4ab753c,0x06ee2cfe15ec4722adeb7dede128c7307ebfaa1e452352f61b3b6ea6d503aa7f,14.99
134,0x3f5ce5fbfe3e9af3971dd833d26ba9b5c936f0be,1514543482,0x4544451c39b3ca161ec5662e12a97aeec4ab753c,0x1d8b836503d55b7ac173d27a687bae62ae1f81c31bf5216121fb2599abe6761b,26.12100239
135,0xdc4d1789544f00360ec142cb3f90c40358737de4,1514544207,0xd75682234ea7676b9ce7d9a11ff4a0a4d23a8ddc,0xfad451efb7f1112e87307a0821a691c4df7ac21fe51307a537e7e037327c875a,2.0
136,0xd75682234ea7676b9ce7d9a11ff4a0a4d23a8ddc,1514545364,0x38b7afebe22e4a5e60fd2c6766b89fdece1ba03f,0x193608049c6c9386ff253f53d3b09b0f62d260401a8d268fd574825476049f71,2.0
137,0x4544451c39b3ca161ec5662e12a97aeec4ab753c,1514547864,0x8255f938d1873725228014ac32708d23add5b221,0x97aa895207be36fe3565bdb31868a5b9debfbe8748e868624de1a1c9c12e773a,20.0
138,0x462fb6aaaa1cd4402826c278cc4a50668db55ee1,1514548293,0x4544451c39b3ca161ec5662e12a97aeec4ab753c,0x22c4b0bed7744b90c362da6dc12b56777733709f4706a33132108b8230a7958f,3.0
139,0x4544451c39b3ca161ec5662e12a97aeec4ab753c,1514549134,0x8869c47937add472a8286a5bd334e113dfe0c9f9,0x76438cdd3538497d1161346d76936f3974fd12fa93f7eeaf4a4565300dd3086f,20.0
140,0x3f5ce5fbfe3e9af3971dd833d26ba9b5c936f0be,1514550325,0x4544451c39b3ca161ec5662e12a97aeec4ab753c,0xaa989d91615b12a52852a11dc001e364d7be50566f5c25b698c09dd165c4f5c9,25.832132
141,0x4544451c39b3ca161ec5662e12a97aeec4ab753c,1514553427,0xbb8e8a8431d88de8f19aa62572bdb5bb6877b78b,0xfbca6bce75ac56ccdfcd020fa5002778b5003e8174f70215bfbf1dcec393946c,30.0
142,0x4544451c39b3ca161ec5662e12a97aeec4ab753c,1514563144,0xa5f6f4630318d8ffbe8896790900025b9466699a,0x61d2bd1e52ec0bdae09f86be9275c4a7a2286b330d82e9b4dd37b3ac82e000f9,10.0
143,0x3f5ce5fbfe3e9af3971dd833d26ba9b5c936f0be,1514604629,0x4544451c39b3ca161ec5662e12a97aeec4ab753c,0x408cb2139c1a405df1ff82fcc90612e8a8f52ff5177a56e67904d4f8553109e6,5.0
144,0xd75682234ea7676b9ce7d9a11ff4a0a4d23a8ddc,1514604830,0x4544451c39b3ca161ec5662e12a97aeec4ab753c,0x76352e361ff75bc4b4b9dd0a25df0cc3dbf54dc01cec07d2e2f69207e8c9d504,29.0
145,0x6f4d027a2335866e4bf7979e7a3e5bf75495906e,1514605511,0x4544451c39b3ca161ec5662e12a97aeec4ab753c,0x3b50b664c3e10f0f95835ee54b6460e69f490f9e5320b0229960de8672f453c5,25.797
146,0x4544451c39b3ca161ec5662e12a97aeec4ab753c,1514606290,0x7adcd8529923e6fbf3651311eb4b39a99489755e,0x04b79f711db5fae3ba79107ac26ab4360eb556db1cb399cc8de7ed0b9199f984,63.0
147,0x80fc26dd3f108c24a6f5ae316c9726cff35798db,1514607592,0x4544451c39b3ca161ec5662e12a97aeec4ab753c,0x414e9bda95ee5919bd411d3354ed09bcae57f8b8cf17b56d8aed5c74fc1c989e,4.99
148,0x80fc26dd3f108c24a6f5ae316c9726cff35798db,1514608083,0x4544451c39b3ca161ec5662e12a97aeec4ab753c,0x9d962d1599d1a09abacbc9a915676efd171137c4d769d10d69e6781c87cd4753,4.99
149,0x462fb6aaaa1cd4402826c278cc4a50668db55ee1,1514608879,0x4544451c39b3ca161ec5662e12a97aeec4ab753c,0x6797455e980f01efc1c0d64305938f1ff1579ffcdf7064d23bad7920f3603a48,5.0
150,0x3f5ce5fbfe3e9af3971dd833d26ba9b5c936f0be,1514619033,0x4544451c39b3ca161ec5662e12a97aeec4ab753c,0x21557503e8f2136252c276e51f34d62cc183a246ecddbc9310b02dc073dedd9d,211.13118503
151,0x4544451c39b3ca161ec5662e12a97aeec4ab753c,1514619168,0xc2d36124ef743d19ea9ace7bb6bd3ab3165bf7db,0x41acf4318c5a33de3f8ac9ee7794bc8fd963b93ac6f1c8006892937fa970789b,70.0
152,0x4544451c39b3ca161ec5662e12a97aeec4ab753c,1514620509,0x8255f938d1873725228014ac32708d23add5b221,0x9395e16e00d81378a4d1f5bbb1ae0849d0ba31daf6ace7c8a7f79d3465c38f63,50.0
153,0x4544451c39b3ca161ec5662e12a97aeec4ab753c,1514630885,0x56508513a3aebcf258f7b0fea4bb7fc857c4a5e5,0xa981c9902c2d947dfad67c0afafe5615e96ab55c0642460e5fbbab2a0aa78bf5,45.0
154,0x3f5ce5fbfe3e9af3971dd833d26ba9b5c936f0be,1514631392,0xd75682234ea7676b9ce7d9a11ff4a0a4d23a8ddc,0x689e4503c02f02f9dc3fdac3e2f03d878c8f5eafc79d99ae95fd98eea2a6ee6b,9.87735114
155,0x4544451c39b3ca161ec5662e12a97aeec4ab753c,1514631392,0xfee53bdacc2615f243995cb50d19ebbbe10070b6,0xe6c7cb6bd33a17078881c96246c90535a6c2883cb769a4387f08fde2cce63f76,22.0
156,0x4544451c39b3ca161ec5662e12a97aeec4ab753c,1514631559,0xfee53bdacc2615f243995cb50d19ebbbe10070b6,0x37bbdd3028e6ddfcb541e4c3c9ed0fe5687398815bdf3a07a6af03f7b3837c51,26.0
157,0xd75682234ea7676b9ce7d9a11ff4a0a4d23a8ddc,1514631723,0x56508513a3aebcf258f7b0fea4bb7fc857c4a5e5,0xe6137e17b03140ef0a1be9d50c75376af42092b513b4cfa190f9bc2e7cc2fca0,10.1
158,0x4544451c39b3ca161ec5662e12a97aeec4ab753c,1514633455,0xfee53bdacc2615f243995cb50d19ebbbe10070b6,0x4712a1014a7beb91a85c3f0c6eefbe3a6f2ed7adea3148e605370747d0d6871d,13.0
159,0x3f5ce5fbfe3e9af3971dd833d26ba9b5c936f0be,1514641364,0xd75682234ea7676b9ce7d9a11ff4a0a4d23a8ddc,0x33311f2657da2c199473458e0111d6969806282685ad5deafcc10a2da84d8208,53.74063756
160,0xd75682234ea7676b9ce7d9a11ff4a0a4d23a8ddc,1514644254,0xecfe4430078af0adf625946c352c59fa5e1d024f,0xe4f83237e7d3a99fbe2ffb92f558ff9b937cfd5fea2b3ceb0e8676ee1c637fc4,54.0
161,0xdf2b269ba67b489f3c964796c31a34c1db8195fb,1514692652,0x4544451c39b3ca161ec5662e12a97aeec4ab753c,0x6e698648123efec38114cc418602b7be46cb01d0257b044892da61bc6be1bb59,5.0
162,0x4544451c39b3ca161ec5662e12a97aeec4ab753c,1514698266,0x02796219315e57b30b16be809ac8dfbbc75e3878,0x377cd88ac825da5b173500bdae6df015af24459c9e98ab0f837d0dac69af9109,4.5
163,0x3f5ce5fbfe3e9af3971dd833d26ba9b5c936f0be,1514704253,0x4544451c39b3ca161ec5662e12a97aeec4ab753c,0x879ee27c550b081844df4707a94c6d07a36ca7e41215b2a630b1ce6f3b75ef39,4.5
164,0x4544451c39b3ca161ec5662e12a97aeec4ab753c,1514735434,0xff98a08c143311719ca492e4b8c950c940f26872,0x7be61eaafd110b5d7e37a940af1af590dae12a94321b08ab54d70bf9177152fd,0.0
165,0x4544451c39b3ca161ec5662e12a97aeec4ab753c,1514735493,0xff98a08c143311719ca492e4b8c950c940f26872,0x7eef3fdc978fa67c1f27d30e9435ad715f167f5e3c171b85a364441ee488c427,0.0
166,0x4544451c39b3ca161ec5662e12a97aeec4ab753c,1514735573,0xff98a08c143311719ca492e4b8c950c940f26872,0x3a7ee4a73b2e77c653c159b8f90009ef398f625876ab7bf949fbbeb1ab991c8b,0.0
167,0x4544451c39b3ca161ec5662e12a97aeec4ab753c,1514736119,0xff98a08c143311719ca492e4b8c950c940f26872,0xcf79ef26d99c7fd43a80c1ee0fee58dfbef991807b6358ed79ec69a1288b7176,0.0
168,0x4544451c39b3ca161ec5662e12a97aeec4ab753c,1514736392,0xff98a08c143311719ca492e4b8c950c940f26872,0x162d2986dbd5d4ebd63af57f8c02b76990359f52ac61bf0296cba47095886ab8,0.0
169,0x16a6dde001c6a6b3bec4ea4b37d79fb4bf03c93e,1514773263,0x4544451c39b3ca161ec5662e12a97aeec4ab753c,0xf6f1baa19e8be0e9182787683642e8f96aa900b4e4d75660b072d2be520b3734,4.75
170,0x3f5ce5fbfe3e9af3971dd833d26ba9b5c936f0be,1514773760,0x4544451c39b3ca161ec5662e12a97aeec4ab753c,0x2f3a36db9243607e9a0ca68cb983a3280ad0f060855035c3329b8b2440f0aace,5.25
171,0xd75682234ea7676b9ce7d9a11ff4a0a4d23a8ddc,1514816657,0xff98a08c143311719ca492e4b8c950c940f26872,0x483e28300c8fbfbcc965e9480e6aad817be44b5ee0db9d78f08e7f9a7010a1fc,0.0
172,0x2b5634c42055806a59e9107ed44d43c426e58258,1514824816,0x4544451c39b3ca161ec5662e12a97aeec4ab753c,0x1646a5c0361f95bf5ba81b5feb0379c79b2ddefff9f2d2765b2289242b30c598,8.24
173,0x4544451c39b3ca161ec5662e12a97aeec4ab753c,1514826264,0x8b94a334e6e7878eae40fe61d9f2327dfe98efcf,0xcfba0583fd543d674e21f9e629040e56d2f4290d3129799f7bcbcb06db6ffcd8,10.0
174,0x3f5ce5fbfe3e9af3971dd833d26ba9b5c936f0be,1514856738,0x4544451c39b3ca161ec5662e12a97aeec4ab753c,0xa9526d3aa4f4a460c7bf2a78c5bed26ac1a03d4bc76289e39f690483a6ad10da,2.0
175,0x56508513a3aebcf258f7b0fea4bb7fc857c4a5e5,1514859098,0x4544451c39b3ca161ec5662e12a97aeec4ab753c,0x9c977559d818576921201d0b490b629714f12466d4afbb769adcb0c182f7b82a,17.99
176,0x56508513a3aebcf258f7b0fea4bb7fc857c4a5e5,1514859251,0x4544451c39b3ca161ec5662e12a97aeec4ab753c,0xc64263e27d820d15af3750c0089b36d4420b04ee4e33a5c2159328344c180c3a,4.0
177,0xd75682234ea7676b9ce7d9a11ff4a0a4d23a8ddc,1514861463,0xff98a08c143311719ca492e4b8c950c940f26872,0xcba28345caa5b537503193c7271ce0c55a1b63aac4ec0a80f4200059b25a71a7,0.0
178,0x74adb2bf390cad90c195d93bd93f656ab90c0435,1514865173,0x4544451c39b3ca161ec5662e12a97aeec4ab753c,0xf058326a7c0a73383bd7d9d97b97c5f7059d88f3e26e2adcab8cec4ced224202,4.98
179,0x4544451c39b3ca161ec5662e12a97aeec4ab753c,1514865219,0x0df1f2b5ddaa7946cb78dd1fa7109cb6a05e42f3,0x726a0bf2cc2c35053c4068e61397b1675dd1355e270c5fa85fcf1879353211c7,2.5
180,0x3f5ce5fbfe3e9af3971dd833d26ba9b5c936f0be,1514874355,0x4544451c39b3ca161ec5662e12a97aeec4ab753c,0xc2ce9f3adc065303824825aeb0dee73d8b4515e7b8ed3a212585081e252bbfcd,2.0
181,0x4544451c39b3ca161ec5662e12a97aeec4ab753c,1514878143,0x66186008c1050627f979d464eabb258860563dbe,0x0f84e62a5476c247e6323d02e871fc606e4ecbc1184d21c3f93abcb22e9b931c,0.0
182,0x3f5ce5fbfe3e9af3971dd833d26ba9b5c936f0be,1514879878,0x4544451c39b3ca161ec5662e12a97aeec4ab753c,0x6675dfedc131c737f69c6fc48637552f4abc8d9ccf5640f1b77d65b14173e7c9,17.0
183,0x4544451c39b3ca161ec5662e12a97aeec4ab753c,1514880516,0xc134270787a59100c4688d73de1bfdbc7cd25603,0xe591c9dfd1075f8e7da84e447df7a47c4d3d98ef39d7e6af2ca828ba8f03e678,58.0
184,0x05ee546c1a62f90d7acbffd6d846c9c54c7cf94c,1514883997,0x4544451c39b3ca161ec5662e12a97aeec4ab753c,0x39e4f0126c945c5990f37e9b8d40811e2e13e48e5c134ad23737bf55c4ce2386,56.997
185,0xd75682234ea7676b9ce7d9a11ff4a0a4d23a8ddc,1514885814,0x20e94867794dba030ee287f1406e100d03c84cd3,0x212c5daaf937e96582ea2514777a1d33ff2168866821a767b34b7ba0ee395b6a,0.0
186,0x3f5ce5fbfe3e9af3971dd833d26ba9b5c936f0be,1514885814,0x4544451c39b3ca161ec5662e12a97aeec4ab753c,0x7acecee9a951049eb3fa1924af8a35080cbc60fd94dee3fc6cac2ffd269d43e7,9.486041769999998
187,0x4544451c39b3ca161ec5662e12a97aeec4ab753c,1514886800,0xd524dfc33c7a1d4a941addbafd646ade2d161d16,0xa447bc67463d2dca3d8ff4de4fb7975058b6ef0ddc79687b300f358cdece48cf,5.0
188,0x75516784ecd1e10912b075b615c7471b0fa2b47c,1514888944,0x4544451c39b3ca161ec5662e12a97aeec4ab753c,0xc30f78b3bbdb7d0652e57bd95eaea5ce1f36d8fecf660c94fc0d49aa9ca8194e,11.995
189,0x4544451c39b3ca161ec5662e12a97aeec4ab753c,1514890204,0xc134270787a59100c4688d73de1bfdbc7cd25603,0x90884a0c7f70eea88985c00bb286039c46c269b11e7b1252d39518e1e2ca7c32,44.0
190,0x16a6dde001c6a6b3bec4ea4b37d79fb4bf03c93e,1514891147,0x4544451c39b3ca161ec5662e12a97aeec4ab753c,0x14ae4e433328ead5b65a046491a9011eba59ba7d119049c1ac610505a23811c5,0.52
191,0x4544451c39b3ca161ec5662e12a97aeec4ab753c,1514898531,0xc134270787a59100c4688d73de1bfdbc7cd25603,0x13193d37958fb3a3c7241e167697ba3e7e416594c0dc80aac1db04ab4356e6cc,30.0
192,0x7b74c19124a9ca92c6141a2ed5f92130fc2791f2,1514901125,0xd75682234ea7676b9ce7d9a11ff4a0a4d23a8ddc,0xacb0b35e5fe3d1c4fa179b0fa5cea25f8578a9d1d50209939ad8b17fdad61252,11.445175
193,0x3f5ce5fbfe3e9af3971dd833d26ba9b5c936f0be,1514904285,0x4544451c39b3ca161ec5662e12a97aeec4ab753c,0xd1163828f1564f87fe45eecec748845fc81f2391d7c2abfe18874087db8efc21,21.19
194,0x3f5ce5fbfe3e9af3971dd833d26ba9b5c936f0be,1514904521,0x4544451c39b3ca161ec5662e12a97aeec4ab753c,0x35025c53e2fea5b356278b51599d8cf992a2855c3930203f60b12af104f9a663,0.6
195,0x4544451c39b3ca161ec5662e12a97aeec4ab753c,1514904955,0xc134270787a59100c4688d73de1bfdbc7cd25603,0x646e5f44e4207923ba9559857427baed8ad48a1a2c7d4b38d539978689d2ca1b,22.0
196,0x4544451c39b3ca161ec5662e12a97aeec4ab753c,1514911357,0xb70835d7822ebb9426b56543e391846c107bd32c,0xe9e8e0196596bcdf341cc8c467cad521a409010bdb2125bd1af249fc34365c2c,0.0
197,0x4544451c39b3ca161ec5662e12a97aeec4ab753c,1514912255,0x66186008c1050627f979d464eabb258860563dbe,0xd6bd10b332e4e25a6407a555a3c3bc0bd752996b20edc70a828a64def514f44f,0.0
198,0xb47fd2d696e83500ea4c60057da4942e7104aae5,1514945640,0x4544451c39b3ca161ec5662e12a97aeec4ab753c,0x0b418c330abaffd0ca3ef176f2adbff78ce0daf3cf4131a4420bf21b509a9c0c,32.0
199,0x4544451c39b3ca161ec5662e12a97aeec4ab753c,1514949490,0x462fb6aaaa1cd4402826c278cc4a50668db55ee1,0xf7f0d4245d8aaac8bed2e8c549ec848497c99351bac6bd90438d99615add464e,2.5
200,0x4544451c39b3ca161ec5662e12a97aeec4ab753c,1514956911,0x840690bcae0257b9761e188a33b76d49d41e1c47,0x8665991441336fd0aa7923f8c4696d4ed1db0bc23815e39b86d172c64499456f,30.0
201,0x05ee546c1a62f90d7acbffd6d846c9c54c7cf94c,1514974102,0x4544451c39b3ca161ec5662e12a97aeec4ab753c,0x76e2476bfcceecb78f298ff6c026cada24c0f121544a949080a00b73e550eea3,28.157
202,0x4544451c39b3ca161ec5662e12a97aeec4ab753c,1514984435,0x77057b6231df721b66a6681c3cd41567045a9558,0xd008fa3a1401e2549af9f0a58c8adc5e4f77d17218cb42841124c752d5297e2c,10.0
203,0x4544451c39b3ca161ec5662e12a97aeec4ab753c,1514984553,0xa1d0d2cf2a877f798779aa9a173983cff62d89e2,0x703584012b81993c17277aff15b5890929274a3fa449ac0721b7dba5704fff58,5.0
204,0x7b74c19124a9ca92c6141a2ed5f92130fc2791f2,1514985369,0xd75682234ea7676b9ce7d9a11ff4a0a4d23a8ddc,0x697c68d9d027320a83c0f919dc5a7a0c6fdc98a3f0e2b6990d4dcadb29655003,21.942593
205,0x3f5ce5fbfe3e9af3971dd833d26ba9b5c936f0be,1514987353,0x4544451c39b3ca161ec5662e12a97aeec4ab753c,0x6483766e34b4d34d33f444f2dfb7b1f9f85223ba292877e8a64803c6b2d83e86,4.99
206,0xd75682234ea7676b9ce7d9a11ff4a0a4d23a8ddc,1514989763,0xff98a08c143311719ca492e4b8c950c940f26872,0x7cc523c0dfb666477dac3029c78f61454c3a852b4bc66dbd148588b5b8f290de,0.0
207,0xd75682234ea7676b9ce7d9a11ff4a0a4d23a8ddc,1515032712,0x4544451c39b3ca161ec5662e12a97aeec4ab753c,0x22cabbe9ebf19806f1b27788180bc5789465460da3072307ce7fa6128349bdc4,10.0
208,0xd75682234ea7676b9ce7d9a11ff4a0a4d23a8ddc,1515044824,0x4544451c39b3ca161ec5662e12a97aeec4ab753c,0x23852e3d509d1babc8e456540c5dc76f5a92855b528fb67cda68b53b84f02273,15.0
209,0x3f5ce5fbfe3e9af3971dd833d26ba9b5c936f0be,1515046388,0x4544451c39b3ca161ec5662e12a97aeec4ab753c,0x1cb2bbb1ec9d6fd2987357fd3f47d1e25fd3ec83f903ff9e18aa769b38f0b3d7,30.0
210,0x4544451c39b3ca161ec5662e12a97aeec4ab753c,1515051033,0xe05806a2e53086ec53409308e6118f3a34ccb560,0xa2729092eb857ce8529b1b58c7d1ac2cdd046203fa886c73b81097aa2e96682e,20.0
211,0x4544451c39b3ca161ec5662e12a97aeec4ab753c,1515051306,0x2f2c250fad753d0a858e1de4b78cbf2c2da23de9,0xac979ba02d77454c21ede826a472aed826a1b53b57075bd99b1731830a0b2621,1.0
212,0x4544451c39b3ca161ec5662e12a97aeec4ab753c,1515051390,0x79c51dddc383ddd515ae5ee469096797e0fa5afb,0xbe83d96ffb6876a76b6f4552d809f2a41b60e1e1813fbccbe8116fc06008818e,30.0
213,0x4544451c39b3ca161ec5662e12a97aeec4ab753c,1515052237,0xe05806a2e53086ec53409308e6118f3a34ccb560,0xa225b73596319722eebc10544f502f31c87355a29b2fe5ccefa860666575db29,12.0
214,0x236f9f97e0e62388479bf9e5ba4889e46b0273c3,1515053424,0x4544451c39b3ca161ec5662e12a97aeec4ab753c,0xf66aec889874833fbe78687c1b9ab92983daab7e493ab9d71eed64ba7d9e1a00,2.99
215,0x74adb2bf390cad90c195d93bd93f656ab90c0435,1515053442,0x4544451c39b3ca161ec5662e12a97aeec4ab753c,0x5f8bb4b231527710e39fab5e4f65d5ec4974bc3f6dfa1d726bd8dd670e4ac598,2.0
216,0x3f5ce5fbfe3e9af3971dd833d26ba9b5c936f0be,1515054743,0x4544451c39b3ca161ec5662e12a97aeec4ab753c,0x72f244f930a320e8a0157724e43c5054e51cce82ae1735b4642eabdf38203ffb,243.60236607
217,0x4544451c39b3ca161ec5662e12a97aeec4ab753c,1515055802,0xd0f33da5371db8f4744323111b86899d711b475a,0x28bd122055e0371f1ebf8d165ff026a0bf4c5e86c25587f50156c17f7b0466f7,3.0
218,0x4544451c39b3ca161ec5662e12a97aeec4ab753c,1515055946,0x6428df8a004058fdd9b4fa55c5b8a9896319b046,0xbebb75e4c0c9aca8ad51bdfb00daf29f6d869303e46a1f8e09aae09dcd33ed73,16.0
219,0x4544451c39b3ca161ec5662e12a97aeec4ab753c,1515058350,0x731b30f6e0bfb068b30f2280c5a03fe7949e2673,0x1822fead00939c7affa24910876b9d8843f69c7d652c63444358a3193f36ae8c,10.0
220,0x4544451c39b3ca161ec5662e12a97aeec4ab753c,1515058853,0xd8097d8fb2d867c5a892fa41cf7ca0328a650d21,0x9a0bd635ff6a83d4cb0ff672f7a065c53f0ca57b2c14fcde8ccf62ae8053f576,20.0
221,0x4544451c39b3ca161ec5662e12a97aeec4ab753c,1515059097,0xd8097d8fb2d867c5a892fa41cf7ca0328a650d21,0xf968bfa4bea7d4696be0b273c7f7e7745b7210349fcb23123de12f5c01cccdb3,30.0
222,0xd8097d8fb2d867c5a892fa41cf7ca0328a650d21,1515065712,0x4544451c39b3ca161ec5662e12a97aeec4ab753c,0xab84cfc8cad92937b1e45ea64181f07af68b50dfe281f18a5b795620df4ecd81,49.99
223,0x0ae55992eee2a71efaabc20c45c913d257db0b06,1515066073,0x4544451c39b3ca161ec5662e12a97aeec4ab753c,0x475ef7c33f50441349a3841578d1bf44198b8a4ba9dc35d329f1a6c866b95ab7,8.0
224,0x4544451c39b3ca161ec5662e12a97aeec4ab753c,1515067892,0xc134270787a59100c4688d73de1bfdbc7cd25603,0xb2e894253ab54af05c8d40137d3a93eca7c2f346b52ff8fdb73a2870e8bc901e,100.0
225,0x4544451c39b3ca161ec5662e12a97aeec4ab753c,1515068485,0xd0f33da5371db8f4744323111b86899d711b475a,0xe3cbac2c072ae6654ef6c8743de3bd5a9eeda6be19c87bc32f000b8a8bdeaac5,10.0
226,0x4544451c39b3ca161ec5662e12a97aeec4ab753c,1515070593,0xfd3d6458a3c43939e748f8f3ccdb46c499794a2c,0x2e642f362a00707026114c4ce88424b12358c5049173b5906749bbc6739aa8f8,10.0
227,0x4544451c39b3ca161ec5662e12a97aeec4ab753c,1515070738,0xfd3d6458a3c43939e748f8f3ccdb46c499794a2c,0xa66c8dd6d05cba6d9c842ac77ac7f2ae0ecda4a48e1338e042dd647c88fcd0a2,10.0
228,0x56508513a3aebcf258f7b0fea4bb7fc857c4a5e5,1515071008,0xd75682234ea7676b9ce7d9a11ff4a0a4d23a8ddc,0xbe0ca1c7ae6050c7ec089391bef9233e2aa992b72b80475431b796915b6eeefa,11.2112
229,0x4544451c39b3ca161ec5662e12a97aeec4ab753c,1515071361,0x155601043d611840443d2cbc269269912c27d2e2,0x65f6f4e5196cb392b129a36717295ba4c73fb6626380c1d57f01519216107902,107.0
230,0x3f5ce5fbfe3e9af3971dd833d26ba9b5c936f0be,1515102703,0x4544451c39b3ca161ec5662e12a97aeec4ab753c,0x52703fd304e6d1bbab6d9bbd716c3c9bf7d359a43bd671ac80d20017a21ac167,129.03932147
231,0x4544451c39b3ca161ec5662e12a97aeec4ab753c,1515110472,0xb1ab2a2918009832d1f531d7951f886c28c0c328,0x6eb4b8da263a554fd5034feea0564b3300f20bafd7d129650e147144dd688a0a,10.0
232,0x4544451c39b3ca161ec5662e12a97aeec4ab753c,1515114554,0x79c51dddc383ddd515ae5ee469096797e0fa5afb,0x65b2d8978657757b9609f6161a0abe9174407aae90566845f08d3d6d6e293abd,50.0
233,0x4544451c39b3ca161ec5662e12a97aeec4ab753c,1515117025,0x79c51dddc383ddd515ae5ee469096797e0fa5afb,0x0d864f57eb6fb2a3e0b5f28b90d2c711cc13745fa548d78c94c471378aeecf6d,65.0
234,0x4544451c39b3ca161ec5662e12a97aeec4ab753c,1515118958,0xfd3d6458a3c43939e748f8f3ccdb46c499794a2c,0xf424598562c9b6008cb9bb59f865ae48d69462206eace23d6d53e6b3928bc795,4.0
235,0xd75682234ea7676b9ce7d9a11ff4a0a4d23a8ddc,1515125845,0x30ea6ed3612ba234ed7c7284639b6651722784c1,0x50d1bc5a32eeb2f60b65a1e7604c672abfc4de056deaa8c0b16816e7ab785edb,19.0
236,0x3f5ce5fbfe3e9af3971dd833d26ba9b5c936f0be,1515129538,0x4544451c39b3ca161ec5662e12a97aeec4ab753c,0x77639ba74ecba98f379aaffe1271faee3dfa50cacc3b530559d3f2586cd1ee02,20.0
237,0x4544451c39b3ca161ec5662e12a97aeec4ab753c,1515130007,0xfd3d6458a3c43939e748f8f3ccdb46c499794a2c,0xd509b4dca972daee28b728280cf6a07ed4ff55c1e5de9d507fdcfbf93e1cd504,20.0
238,0x4544451c39b3ca161ec5662e12a97aeec4ab753c,1515151665,0x4f878c0852722b0976a955d68b376e4cd4ae99e5,0x047e96e45ab2a65a4129e64a42a2a80c3bc1e12ac380a8eb109d536e1fc6fff4,0.0
239,0x6f4d027a2335866e4bf7979e7a3e5bf75495906e,1515161886,0x4544451c39b3ca161ec5662e12a97aeec4ab753c,0xa143397984ab84f446bb38d7d95dd510c60f90e6560e42c2dc7106d53cc985b6,1.969
240,0x7b74c19124a9ca92c6141a2ed5f92130fc2791f2,1515165582,0x4544451c39b3ca161ec5662e12a97aeec4ab753c,0x6ece85a8b66822e0b10a71f2ce9d163535cea14261fa8a743cb56c0fe1cc9510,5.115563
241,0x4544451c39b3ca161ec5662e12a97aeec4ab753c,1515166386,0x6a36492fd141fe6d631b7f1d9d37943583d752eb,0x1f87ec06ed072ff807dd93e6adf7951d5a7990fa550f9988d39f24f55e75ba06,5.25
242,0x3f5ce5fbfe3e9af3971dd833d26ba9b5c936f0be,1515249084,0x4544451c39b3ca161ec5662e12a97aeec4ab753c,0xdffe7d4a8cb93400f5091d527a5daf0ca5d9f2cebf1b0a37f702efa54d0d3b67,95.49380388
243,0x4544451c39b3ca161ec5662e12a97aeec4ab753c,1515250070,0x1e3a6c35359d210f7542831f4b94808c9b5bee37,0x6ba2e82e1c06fc45fb9e89427aecad070b3f39fa5c5854453b1b2ac4c14bb2b5,20.0
244,0x1e3a6c35359d210f7542831f4b94808c9b5bee37,1515250951,0x4544451c39b3ca161ec5662e12a97aeec4ab753c,0x86ce87ab6928c80fdbf453cef687a101d94c67c5e462e5195aab8ad866b1b897,20.0
245,0x4544451c39b3ca161ec5662e12a97aeec4ab753c,1515252945,0xd0f33da5371db8f4744323111b86899d711b475a,0x3046df0bf06aa6dd2ef5250104f762af503d5175d341badb0c10454c0ff321e9,14.0
246,0x4544451c39b3ca161ec5662e12a97aeec4ab753c,1515254904,0x79c51dddc383ddd515ae5ee469096797e0fa5afb,0xaa61884e44619fa94bdb7ca9a62c5b22ec304581885fb0255d39968a4b324f5d,20.0
247,0x4544451c39b3ca161ec5662e12a97aeec4ab753c,1515255346,0x79c51dddc383ddd515ae5ee469096797e0fa5afb,0x3595806ad27a67258c16ae59cabffc67580130871142bf4ab5b6e01e65b080c2,30.0
248,0x4544451c39b3ca161ec5662e12a97aeec4ab753c,1515255569,0x79c51dddc383ddd515ae5ee469096797e0fa5afb,0x999b847c76ab660670dc33f3cb1b0b2e7af719b75ef405de7bebd8c4a449a7b1,20.0
249,0x4544451c39b3ca161ec5662e12a97aeec4ab753c,1515256115,0x79c51dddc383ddd515ae5ee469096797e0fa5afb,0xee4eea1d26d3cde9b86f0f9adfb40fc4bfe8b76f8b6587452dfb4af99b853d34,14.0
250,0x4544451c39b3ca161ec5662e12a97aeec4ab753c,1515258582,0xf70a642bd387f94380ffb90451c2c81d4eb82cbc,0x0915f04121c038067eaf12e3ee73041c99c42616f3ed6a188de696aa471ff6cf,0.0
251,0x4544451c39b3ca161ec5662e12a97aeec4ab753c,1515284792,0xff98a08c143311719ca492e4b8c950c940f26872,0x5c4d1455ebe38633e4c8b96b42b74f12b21533d158688c0f7054d1858e73a319,0.0
252,0x4544451c39b3ca161ec5662e12a97aeec4ab753c,1515292521,0x45245bc59219eeaaf6cd3f382e078a461ff9de7b,0x3b2d4b730951703448513d6c85e4debc6e9f5548946be1bec1d5d48106f14405,0.0
253,0x4544451c39b3ca161ec5662e12a97aeec4ab753c,1515293436,0x45245bc59219eeaaf6cd3f382e078a461ff9de7b,0xffe2dedb84f5dd2f7548da0ede3b230f536c7154a096857a030db9ceb51c507e,0.0
254,0x7b74c19124a9ca92c6141a2ed5f92130fc2791f2,1515326350,0x4544451c39b3ca161ec5662e12a97aeec4ab753c,0x55bc49c9290b1a1dd68bd5f2f4ef700e23e56d43fdef38bea2e9454237249d2f,27.8
255,0x2b5634c42055806a59e9107ed44d43c426e58258,1515330265,0x4544451c39b3ca161ec5662e12a97aeec4ab753c,0x0c3fe5709f15e9a85ec9f6ae1c5ba5f15d490947f19c306febb3d64e76c9e262,16.6777
256,0x4544451c39b3ca161ec5662e12a97aeec4ab753c,1515342031,0x13f25cd52b21650caa8225c9942337d914c9b030,0x5574b03a271b134aebefebd8af84c5085d98d193b50aae2b88fbabda7e006279,0.0
257,0x4544451c39b3ca161ec5662e12a97aeec4ab753c,1515369620,0x13f25cd52b21650caa8225c9942337d914c9b030,0x0ff061cf2bd243e5d149a49282787c28391b61086667545ccd146926fccc583a,0.0
258,0x4544451c39b3ca161ec5662e12a97aeec4ab753c,1515370036,0xa4d17ab1ee0efdd23edc2869e7ba96b89eecf9ab,0x8ca6af49db5c1354d4ab9b480c33b8cd8d8906ea5266967eb68717f6f571a6c7,0.0
259,0x4544451c39b3ca161ec5662e12a97aeec4ab753c,1515370485,0x13f25cd52b21650caa8225c9942337d914c9b030,0x936056433ab7f6ecd4322762bc473cbbb9c493b82ae9e49fe7eda6c7a29c513e,0.0
260,0x4544451c39b3ca161ec5662e12a97aeec4ab753c,1515371174,0xfd3d6458a3c43939e748f8f3ccdb46c499794a2c,0x55264fb8fb7cab2c9ce3f947a3f02183096296cdc3d175a2e5619c4a90ea63fd,3.2
261,0x4544451c39b3ca161ec5662e12a97aeec4ab753c,1515371492,0x13f25cd52b21650caa8225c9942337d914c9b030,0xe3e44ef3c3511730bd0f7eb4d813331aa310c203cf6529dd470d51047f1eaf29,0.0
262,0x4544451c39b3ca161ec5662e12a97aeec4ab753c,1515371798,0x13f25cd52b21650caa8225c9942337d914c9b030,0x8245dc984dc095560fff51e7c70bb9bd73db52b70abb107493277c01ff5c3358,0.0
263,0x4544451c39b3ca161ec5662e12a97aeec4ab753c,1515371937,0xa4d17ab1ee0efdd23edc2869e7ba96b89eecf9ab,0x634b3abc20457da1966bf4f05a2bcfe9816e74f83b0047592e7c5c09f5e93d53,0.0
264,0x4544451c39b3ca161ec5662e12a97aeec4ab753c,1515372421,0xa4d17ab1ee0efdd23edc2869e7ba96b89eecf9ab,0x87d8e5917194746084e85051bac3213afd41ca896e74ddc2110b87dfe14bc8b6,0.0
265,0x4544451c39b3ca161ec5662e12a97aeec4ab753c,1515378461,0xa4d17ab1ee0efdd23edc2869e7ba96b89eecf9ab,0x7a8a17730252ff12d7964407883fac3632f4303826e70d1dcc6a77f6cd609ee5,0.0
266,0x4544451c39b3ca161ec5662e12a97aeec4ab753c,1515378637,0x13f25cd52b21650caa8225c9942337d914c9b030,0xe84237b5f17231f2e64c029d59a08da5f6111c6612cfd78ac680554397c81c01,0.0
267,0x4544451c39b3ca161ec5662e12a97aeec4ab753c,1515379045,0xa4d17ab1ee0efdd23edc2869e7ba96b89eecf9ab,0x937f36b5910e65acbe5fddd6e3da39aeae8ce674d0dab5a36752b936c6153a67,0.0
268,0x4544451c39b3ca161ec5662e12a97aeec4ab753c,1515379961,0xa4d17ab1ee0efdd23edc2869e7ba96b89eecf9ab,0x1a30d5daff850bc70fee6e45916c876e188c25c96d571cd411006085f6f8850f,0.0
269,0xd75682234ea7676b9ce7d9a11ff4a0a4d23a8ddc,1515383072,0xff98a08c143311719ca492e4b8c950c940f26872,0xc30e8a31bf94695981b977e68dec7fbb0624dedb7716371e89c3831415249d3c,0.0
270,0x4544451c39b3ca161ec5662e12a97aeec4ab753c,1515385802,0xfd3d6458a3c43939e748f8f3ccdb46c499794a2c,0x0d4492119b2349cd0a3f616ed15316b26ce08f0c972da9a2d866e2c185f4a394,40.0
271,0x56508513a3aebcf258f7b0fea4bb7fc857c4a5e5,1515388381,0xd75682234ea7676b9ce7d9a11ff4a0a4d23a8ddc,0x6334a0f0bd7fe54cb0f4c0c3c306ece3b301ff8564a4d4eaf88edd0f62f5e74a,7.6449
272,0xd75682234ea7676b9ce7d9a11ff4a0a4d23a8ddc,1515388738,0xd0f33da5371db8f4744323111b86899d711b475a,0xbc89eb50726e7a21bcdbb8e72363489026528a7e32417e46298fffd9cbcace86,8.0
273,0x2c7056a850cb0bc75397ce1ece6b74e3fc95a2c7,1515389539,0x4544451c39b3ca161ec5662e12a97aeec4ab753c,0xa7a7851658348f99e9871491105b20110f092afe2b93c66523ace90ba48ecb78,5.0
274,0x4544451c39b3ca161ec5662e12a97aeec4ab753c,1515389736,0xa4d17ab1ee0efdd23edc2869e7ba96b89eecf9ab,0x93d47eb0fb17496af816b7fdc92569050d86a8a15b044c6ea53db9e6351766fc,0.0
275,0x2c7056a850cb0bc75397ce1ece6b74e3fc95a2c7,1515391878,0x4544451c39b3ca161ec5662e12a97aeec4ab753c,0x79836a06bb12fef5b3c314dcb50099dffb1b2a89255f9c91955e4906f840eaef,6.5
276,0x4544451c39b3ca161ec5662e12a97aeec4ab753c,1515392029,0xd524dfc33c7a1d4a941addbafd646ade2d161d16,0x20a88873f8eea6705a01f0961d4e6912c09493852695315a5c5e54cf598d0f6b,5.0
277,0x4544451c39b3ca161ec5662e12a97aeec4ab753c,1515392822,0xa4d17ab1ee0efdd23edc2869e7ba96b89eecf9ab,0x1ffaa63d7ef1464ddd0f2ae671b289bb6f45b2aa3690a37ec0d4fd8cbf6685ac,0.0
278,0x4544451c39b3ca161ec5662e12a97aeec4ab753c,1515396805,0xfd3d6458a3c43939e748f8f3ccdb46c499794a2c,0xeeb107b4af23a7f99b2471d242bf0e9c436e2260a091b94be81e3087a213dd7c,4.0
279,0x4544451c39b3ca161ec5662e12a97aeec4ab753c,1515397035,0xd524dfc33c7a1d4a941addbafd646ade2d161d16,0x021b88014f67bca28c8ff03a028d64fccc53c3109f66d214cc24ce6cbdba0910,3.0
280,0xd75682234ea7676b9ce7d9a11ff4a0a4d23a8ddc,1515398816,0xff98a08c143311719ca492e4b8c950c940f26872,0xd9dfb55a03f1a361cc77b22f6ffd8c7e7d427abfcf4df534e3f99ebc5321ee10,0.0
281,0x4544451c39b3ca161ec5662e12a97aeec4ab753c,1515403719,0xff98a08c143311719ca492e4b8c950c940f26872,0x9675688886bcdb75cd9a723f7444b7358fc40430b845d7b303d6195e1162ae3f,0.0
282,0x9f99e56a1d2ce2518a45ac2ed21ffa0c34e54f5c,1515404431,0xd75682234ea7676b9ce7d9a11ff4a0a4d23a8ddc,0x08032202e28e0a30f1c97777d13c08c2646b404ba26ea4d1e26ba6258f7e5e03,0.9
283,0x75516784ecd1e10912b075b615c7471b0fa2b47c,1515404760,0xd75682234ea7676b9ce7d9a11ff4a0a4d23a8ddc,0x300a261475e8dc8b77ebb01e635a2b82b94f6a5a2ea43158d6d2fe14c48e9eb9,20.494
284,0x4544451c39b3ca161ec5662e12a97aeec4ab753c,1515409296,0xa4d17ab1ee0efdd23edc2869e7ba96b89eecf9ab,0x817d4fe3f3a848aac5649ca77ce0e4f88f6553e60e636d72e0571ab11a2fb5a8,0.0
285,0x4544451c39b3ca161ec5662e12a97aeec4ab753c,1515409393,0xa4d17ab1ee0efdd23edc2869e7ba96b89eecf9ab,0x93b4c07603a3ebc82652109cb1bf936ce6bdb349b6ca4f6f65c6365973e756bb,0.0
286,0x4544451c39b3ca161ec5662e12a97aeec4ab753c,1515409434,0xa4d17ab1ee0efdd23edc2869e7ba96b89eecf9ab,0xbc92b5f3b4475cbc10706fdee1ff7fb1a81ffecac6b99341f735f12f0ae8d1bb,0.0
287,0x4544451c39b3ca161ec5662e12a97aeec4ab753c,1515409573,0xa4d17ab1ee0efdd23edc2869e7ba96b89eecf9ab,0x5557966aae4aa92f5cafe78d67f63ace834e6f241edc024008354b21cf39a358,0.0
288,0x4544451c39b3ca161ec5662e12a97aeec4ab753c,1515409682,0xa4d17ab1ee0efdd23edc2869e7ba96b89eecf9ab,0xcd0473e65613affaaffbb03b700795b6deef9d0971c4c927884e1443442e6ee5,0.0
289,0x4544451c39b3ca161ec5662e12a97aeec4ab753c,1515414100,0xc134270787a59100c4688d73de1bfdbc7cd25603,0x51e582ba8ccaac6fa51ab875e53cce771a4cf6fab22ef2b51a681f7f7618d7f3,0.855
290,0xd75682234ea7676b9ce7d9a11ff4a0a4d23a8ddc,1515419531,0xecfe4430078af0adf625946c352c59fa5e1d024f,0x29d5465d129851cffc3a13bf9570f1f12f5283c9ed6919cba3cb196f8fcf8e4a,21.0
291,0x74adb2bf390cad90c195d93bd93f656ab90c0435,1515461801,0x4544451c39b3ca161ec5662e12a97aeec4ab753c,0x254c897c42e24f1319984d3e383ab01ad5af80762a8c98595bbe68be5080eb6d,3.0
292,0xd75682234ea7676b9ce7d9a11ff4a0a4d23a8ddc,1515464513,0xff98a08c143311719ca492e4b8c950c940f26872,0xe46f5e5cc6d007c0a149da49f571eb5c7cf92d5f00e0d26bd818d5c8523925c2,0.0
293,0x4544451c39b3ca161ec5662e12a97aeec4ab753c,1515464521,0x13f25cd52b21650caa8225c9942337d914c9b030,0xd3e0548cdc80852b1aeb65ae5ffe6e83825baf25e1d7717482bd275bc1e70cca,0.0
294,0x0681d8db095565fe8a346fa0277bffde9c0edbbf,1515469783,0x4544451c39b3ca161ec5662e12a97aeec4ab753c,0x2a305526078892718145e50a6ef33117c5749c8a1d92d2360d83a2df0c6d33da,30.0
295,0x564286362092d8e7936f0549571a803b203aaced,1515470631,0x4544451c39b3ca161ec5662e12a97aeec4ab753c,0x53055446e2f715fb5b2e6cb93761aff3b155e08df27b9c49459a8847d21239ca,13.991741049999998
296,0x478d5c1cfdd1763d336b4f153d7169fa1007692b,1515471061,0x4544451c39b3ca161ec5662e12a97aeec4ab753c,0x3b3d5f2e5dadcf0bc4907a537c84613fd60883379f294267abaf7b716394eb29,58.3
297,0x4544451c39b3ca161ec5662e12a97aeec4ab753c,1515471226,0x28800aad3a784ba6a1395d082dc812d33c7baa7d,0x28aeda1146d06376982b9c78e8d04a52664b813c108148d43746d78c074817a0,100.0
298,0x3f5ce5fbfe3e9af3971dd833d26ba9b5c936f0be,1515471693,0x4544451c39b3ca161ec5662e12a97aeec4ab753c,0x2e66614b0c2dc333cf3e58676cc791dea4827ecdcef35487a55e019cbfb31bc0,2.431768
299,0xd551234ae421e3bcba99a0da6d736074f22192ff,1515471890,0x4544451c39b3ca161ec5662e12a97aeec4ab753c,0x13a5d924717208da583536d5fdb8681f93e8043aafab99dd2da7fcd9a96ce2ef,3.0
300,0xdf2b269ba67b489f3c964796c31a34c1db8195fb,1515473008,0x4544451c39b3ca161ec5662e12a97aeec4ab753c,0x9efc300edfb5429ef77b614910429d1b10ef712578813b019c6c7c957679bc22,4.4
301,0x0681d8db095565fe8a346fa0277bffde9c0edbbf,1515473134,0x4544451c39b3ca161ec5662e12a97aeec4ab753c,0x898b00113139077200375a1adf949c5e3ddb050f586eb9555db6b170d463a3c1,15.62080511
302,0x4544451c39b3ca161ec5662e12a97aeec4ab753c,1515473466,0x28800aad3a784ba6a1395d082dc812d33c7baa7d,0x69299115ff6a754cfc33f0d25289d11f92d184c175858186c7740b1a91dc75fe,30.0
303,0xd551234ae421e3bcba99a0da6d736074f22192ff,1515473475,0x4544451c39b3ca161ec5662e12a97aeec4ab753c,0xa8cc9b43ba092447ce5ce5e3dbe54a8edaebe07138f8f25ff9cbda4c736914cd,3.0
304,0xcac725bef4f114f728cbcfd744a731c2a463c3fc,1515474020,0x4544451c39b3ca161ec5662e12a97aeec4ab753c,0xc18a8afae040266c51fab1f033e9fa36ec0eefbb4f278810f605839b01a3ae73,10.639
305,0xd75682234ea7676b9ce7d9a11ff4a0a4d23a8ddc,1515474962,0x13f25cd52b21650caa8225c9942337d914c9b030,0xc5e1b837de5c255c350c81b19a9a43ca265681f3c9ac96ae3ddfb0347b630acf,0.0
306,0x74adb2bf390cad90c195d93bd93f656ab90c0435,1515475254,0x4544451c39b3ca161ec5662e12a97aeec4ab753c,0x80a51e294ecb831f973233bb1dc51bef123ea8af3918bcc3a97b2925f1213c73,3.0
307,0x56508513a3aebcf258f7b0fea4bb7fc857c4a5e5,1515475361,0x4544451c39b3ca161ec5662e12a97aeec4ab753c,0x2c0253aad6bfc071874b6ab0edd7b6eb8ed2d332823593dbf5055aff4458fe60,20.0
308,0xdf2b269ba67b489f3c964796c31a34c1db8195fb,1515476349,0x4544451c39b3ca161ec5662e12a97aeec4ab753c,0x63b5324654341c83f041df2cfb187ee2c17245ac56ab2790bd5a5bb1857b1af2,0.6
309,0x4544451c39b3ca161ec5662e12a97aeec4ab753c,1515483926,0xb017b8281dd82cd29f6c49a97676610ce49edc2b,0xd5c05707de0557962cec6d03ab17857c57b03e28d3afc7d2ae292ba9a64f4c33,25.0
310,0x4544451c39b3ca161ec5662e12a97aeec4ab753c,1515498693,0x79c51dddc383ddd515ae5ee469096797e0fa5afb,0x3e1ab92040ae073e2ffcaa28ed246795b5208722b513b855afb5ff2a9f89ce7a,12.0
311,0x3974d816a969908a82428384c728fbd8faffbfe1,1515503155,0x4544451c39b3ca161ec5662e12a97aeec4ab753c,0x0c5fb690f23323acea14cf2132d44f3d928195e50675dd6e182a7df7982ba6fc,2.9949
312,0x236f9f97e0e62388479bf9e5ba4889e46b0273c3,1515506916,0xd75682234ea7676b9ce7d9a11ff4a0a4d23a8ddc,0x4f53f617a7d32c29f2fb0dc5e46b563b1c95140fa9d5611796f55a9caf931dac,15.398
313,0xd75682234ea7676b9ce7d9a11ff4a0a4d23a8ddc,1515507718,0x4544451c39b3ca161ec5662e12a97aeec4ab753c,0x620e2e7153a3581df5c9ac2f5636129fe19bc847a866454d9a74994b106bba14,15.0
314,0x4544451c39b3ca161ec5662e12a97aeec4ab753c,1515508347,0x4ca359fa6ac8d9f392fe2b402af7088ab5323eee,0x0a90f6bebc8e26b3aee4a1e83d34d99c0f498c8ac58c35a5a1262561d9c5920c,18.0
315,0x236f9f97e0e62388479bf9e5ba4889e46b0273c3,1515508347,0x4544451c39b3ca161ec5662e12a97aeec4ab753c,0xc10492711d312863b464f758c424e3c323f4743127de5d915ce1ee36f4cd2ed6,2.01
316,0x3f5ce5fbfe3e9af3971dd833d26ba9b5c936f0be,1515512250,0x4544451c39b3ca161ec5662e12a97aeec4ab753c,0xdc222dabfdff4d389e461a83b5df68b946786101cec70270d6b5e03c3b638ebb,67.16061739
317,0x4544451c39b3ca161ec5662e12a97aeec4ab753c,1515512843,0x28800aad3a784ba6a1395d082dc812d33c7baa7d,0x41f19a3490742b9bd196021b006f0fd53e117e89f5e0be6776c47be33de3c651,70.0
318,0xd551234ae421e3bcba99a0da6d736074f22192ff,1515512978,0x4544451c39b3ca161ec5662e12a97aeec4ab753c,0x05cb6ca5a8e9809db15993c6d9f9de8c5b4e7873a2ccb71a826fd302c0a8b2aa,20.0
319,0x28800aad3a784ba6a1395d082dc812d33c7baa7d,1515513724,0x4544451c39b3ca161ec5662e12a97aeec4ab753c,0x9d5b0840a9f67541fca610d2ee9067a48017f236ab11d18e6e3f488a5fc71132,20.0
320,0x4544451c39b3ca161ec5662e12a97aeec4ab753c,1515517447,0x58d0a58e4b165a27e4e1b8c2a3ef39c89b581180,0x98bb446b0589b06756cd8f230be15bbaedbef993925a0a670b9f29d0cc4488fb,0.0
321,0x478d5c1cfdd1763d336b4f153d7169fa1007692b,1515519413,0x4544451c39b3ca161ec5662e12a97aeec4ab753c,0xe6042da7644aed5b69d238097173547371bc886baa73eccb604afeac70b8e2f1,43.5
322,0xfee53bdacc2615f243995cb50d19ebbbe10070b6,1515521039,0x4544451c39b3ca161ec5662e12a97aeec4ab753c,0xb7e4240da3ea849a7addae1e9c56461634db18817e25f794e07d9d33ad2bf415,10.0
323,0x4544451c39b3ca161ec5662e12a97aeec4ab753c,1515542449,0x263c618480dbe35c300d8d5ecda19bbb986acaed,0x2c1d4ebb6370c9589add1a25ebc7e360501174e750b8daf6cb946139b091ef56,0.0
324,0x4544451c39b3ca161ec5662e12a97aeec4ab753c,1515544230,0xd0f33da5371db8f4744323111b86899d711b475a,0xd8ed94bf1b3170d0a65c32b5b648fd175a1671f71e6b018efb63afd414b1a83e,8.0
325,0x4544451c39b3ca161ec5662e12a97aeec4ab753c,1515544878,0xadf43e2fab82f1f8fac4e9ecfe02f656c536104b,0x674824d78d6fc430d38e56ebf843dcaa98f1df981a29253351aa66cfbda1ba38,5.0
326,0x4544451c39b3ca161ec5662e12a97aeec4ab753c,1515545510,0xfd3d6458a3c43939e748f8f3ccdb46c499794a2c,0x8a136cb32c5f24741f43494aba963fc211602d1c405d391eb1ce1455842c293f,29.0
327,0x4544451c39b3ca161ec5662e12a97aeec4ab753c,1515545875,0x42c821dbfd62afdd0e099afcc7278503d55a5ef6,0x9f2649026bf93cdfee4382e7108c37172167c548838280d50f88661fc6892acf,10.0
328,0x4544451c39b3ca161ec5662e12a97aeec4ab753c,1515546128,0xd0f33da5371db8f4744323111b86899d711b475a,0xda1493665b9298843c84eb873b3741115113a537e39adbf122272b09810b13ee,5.0
329,0x4544451c39b3ca161ec5662e12a97aeec4ab753c,1515546536,0xb11730de3eb3aa5c8be1564a18cfd4509ff5d8eb,0x26bd7792932ca176b1a2bf473e74091719109912a37c4b370438952cbbf510cf,2.0
330,0x4544451c39b3ca161ec5662e12a97aeec4ab753c,1515546797,0x58d0a58e4b165a27e4e1b8c2a3ef39c89b581180,0xd64923d302e5883d52d5640c63ffcb25a8593e3ed8d7d2c837b197082324719d,0.0
331,0x4544451c39b3ca161ec5662e12a97aeec4ab753c,1515546871,0x2ccf3b5e3668620f600d1b6f3fb445d51bc81f84,0x30e2438d99cf387748c19fdd9834bc4e2ab0b5bf982ac9fba7a623d7c529723a,5.0
332,0x4544451c39b3ca161ec5662e12a97aeec4ab753c,1515547115,0xfd3d6458a3c43939e748f8f3ccdb46c499794a2c,0xb396459d9b12afb6e7108f986519333f434c899f18c1ea5fde67ec6645b57536,29.0
333,0x4544451c39b3ca161ec5662e12a97aeec4ab753c,1515550805,0x58d0a58e4b165a27e4e1b8c2a3ef39c89b581180,0x660bec1b7df96c53141dea073a7a5fefe81dda3ddff23e87cd211329408c21d8,0.0
334,0x9f99e56a1d2ce2518a45ac2ed21ffa0c34e54f5c,1515575249,0xd75682234ea7676b9ce7d9a11ff4a0a4d23a8ddc,0xe6d5d24db61d4ce078e4d2b40d1edd53def0ca69c0006940dd657912c4d8e90f,1.0
335,0xd75682234ea7676b9ce7d9a11ff4a0a4d23a8ddc,1515575959,0x935c872530a4d084b212d6d07a3a48815a37916a,0xa0306169400d5bfe2355f507a02bfa47095dc8acf31a20cc0fa701dff3a733c3,2.0
336,0x0681d8db095565fe8a346fa0277bffde9c0edbbf,1515579589,0x4544451c39b3ca161ec5662e12a97aeec4ab753c,0xf297f2a4f4c25710c8fcbc270fcc9be5b29ccefc3ccc39b765aa0963c0743be9,9.98904311
337,0x4544451c39b3ca161ec5662e12a97aeec4ab753c,1515579848,0xb5b720c00d9184afe0fd857ffff7cc7d3845eaa3,0x115d7f614ace5e201aaa78bc8b8d552aa8a854ea752ae4d8f2027ae46e507558,10.0
338,0x05ee546c1a62f90d7acbffd6d846c9c54c7cf94c,1515652409,0xd75682234ea7676b9ce7d9a11ff4a0a4d23a8ddc,0x40c54799a3826a46d051073e1868ddbabd6552e6291a2b93874e9666f66f3e08,2.0
339,0x93f36930f94fbb5afc5fb506d3f7abb9179a4e4e,1515676126,0xd75682234ea7676b9ce7d9a11ff4a0a4d23a8ddc,0xd1e5d63df15ec11d83fd7d368c0580306b40d35d5911e4397885ab7e1ea8de0a,1.0
340,0x4544451c39b3ca161ec5662e12a97aeec4ab753c,1515677310,0xa4d17ab1ee0efdd23edc2869e7ba96b89eecf9ab,0x9497280149fbb0965c696165158ef157f5baf41a3d5adfc37da3edb2c57f5268,0.0
341,0x4544451c39b3ca161ec5662e12a97aeec4ab753c,1515682310,0xa4d17ab1ee0efdd23edc2869e7ba96b89eecf9ab,0x892330e8d00bccc0a2ed092cf62aa8462865cbe38abaa055e1ab477c929e9c09,0.0
342,0x4544451c39b3ca161ec5662e12a97aeec4ab753c,1515684102,0x80bc5512561c7f85a3a9508c7df7901b370fa1df,0x41a3c56360145bd5836d3fba08fc5468542a1c7696dfb95677830df891efad88,0.0
