,From,TimeStamp,To,TxHash,Value
0,0x1e3a6c35359d210f7542831f4b94808c9b5bee37,1512695724,0x4544451c39b3ca161ec5662e12a97aeec4ab753c,0xea1fac6a8bc2e66286d3c43ae31f3afe66c402df94a2a701c9c8f42dbd536aa9,30.0
1,0x4544451c39b3ca161ec5662e12a97aeec4ab753c,1512699761,0x840690bcae0257b9761e188a33b76d49d41e1c47,0xb4011718035804aa2f8fb6b900d11e510fcb9d9a5511fe9f7a259938946d4bc9,3.0
2,0xa30d8157911ef23c46c0eb71889efe6a648a41f7,1512711867,0xc2d36124ef743d19ea9ace7bb6bd3ab3165bf7db,0x77564a5d654870dbb40d4ea35de32f630b2d6c61025dc9faf691c3bcd0a00d24,5.01
3,0x09cc7db7655304df307590c98f0d82e36f43f058,1512712528,0xc2d36124ef743d19ea9ace7bb6bd3ab3165bf7db,0x265778fc4e0511186c5944a577bf7cdf4ed3398e3fe09bacb802ec53be5becc2,11.0
4,0x4544451c39b3ca161ec5662e12a97aeec4ab753c,1512714987,0xc2d36124ef743d19ea9ace7bb6bd3ab3165bf7db,0x05e76759462c62b30e419503ef6c5cd8a09cec5770b2e5b7f87020814edd4c80,20.0
5,0xa5dde8388e3c5816311af7839f4a60336cf57a65,1512722000,0xc2d36124ef743d19ea9ace7bb6bd3ab3165bf7db,0x54b4791b36c292208a18556a63a007227d39b3299cea431c9fb0fad56098ed61,15.0
6,0x236f9f97e0e62388479bf9e5ba4889e46b0273c3,1512731857,0x4544451c39b3ca161ec5662e12a97aeec4ab753c,0x81a062e3b6365374fe18a22a63d3df12207f10a6a6d9a9e7a713b41b68653248,5.0
7,0x3f5ce5fbfe3e9af3971dd833d26ba9b5c936f0be,1512733637,0x4544451c39b3ca161ec5662e12a97aeec4ab753c,0x04cd3415d06b8bf5d76c35ca6954486253d97cb79e0e5b6e90698c8370b2182a,18.0
8,0xecfe4430078af0adf625946c352c59fa5e1d024f,1512736678,0x4544451c39b3ca161ec5662e12a97aeec4ab753c,0x9ecbe1513851ca289d1fe7cca8f7d73809af6206a7a09a2eacdd422ce64738dc,30.0
9,0x3f5ce5fbfe3e9af3971dd833d26ba9b5c936f0be,1512737790,0x4544451c39b3ca161ec5662e12a97aeec4ab753c,0x4f9e72fcb5a165939bd9321cb5fdae9d00a0da0f088f6487bac94967402a7cd2,15.00965467
10,0x4544451c39b3ca161ec5662e12a97aeec4ab753c,1512739606,0x9431c916f44ea12433abead5173b35c2f13c1423,0x2a5bc2afac4c5e1d18a900f1268d72933a9c44cb043e176f659a70077517f903,79.0
11,0x82e2e65d661e1c7fa27f88a428a274b94e82febc,1512741780,0xc2d36124ef743d19ea9ace7bb6bd3ab3165bf7db,0x7ff5e55d9875f6cbebf23c262739ef810b3d83ec235c2212c5f802abbd89a5d1,16.0
12,0x0dd974e2492240126bea65539dabe3d6b017a1ab,1512746174,0xc2d36124ef743d19ea9ace7bb6bd3ab3165bf7db,0xc0bcbc65dfa9633d1c62d76c77cd44fb6eaf223d08a078fb2f65203650d1d371,16.0
13,0xc2d36124ef743d19ea9ace7bb6bd3ab3165bf7db,1512747792,0x45d8bae872fe698f84ee413a0436d34a883479d7,0x4d5f0d20388888cf39647fd37cf7de7673484be5396548f4327840fe603bbd44,170.0
14,0x4544451c39b3ca161ec5662e12a97aeec4ab753c,1512748884,0x9041fe5b3fdea0f5e4afdc17e75180738d877a01,0x076f093cff49706a3c7077121039d847bbba7f775d48e8f9dbfea7ca66cfff76,0.0
15,0x45d8bae872fe698f84ee413a0436d34a883479d7,1512749366,0xc2d36124ef743d19ea9ace7bb6bd3ab3165bf7db,0x426c1930390d3b20f43683ef48ccea9366db7ab21c8285c62a04ee6d55b83141,10.0
16,0x3f5ce5fbfe3e9af3971dd833d26ba9b5c936f0be,1512782355,0x4544451c39b3ca161ec5662e12a97aeec4ab753c,0xbccf46335e3c02803895d2ca36838fd0be95bbe118ed386ebe535031ebeb7c4a,5.0
17,0x6e2b7107d9b40d2fa6fc5979ec66d16d6467ab42,1512786256,0xc2d36124ef743d19ea9ace7bb6bd3ab3165bf7db,0xea788214ea7c70c5b2269cd01bd353173762032047bbf0d10a28c16c9a387f39,45.0
18,0x4544451c39b3ca161ec5662e12a97aeec4ab753c,1512788865,0x9041fe5b3fdea0f5e4afdc17e75180738d877a01,0x496b41ec713b61c4b49bcc1c7f942190b52ac9d0c1f38d02cbeab1c7a1364ed6,0.0
19,0xe44799ef334df157e0f8e2855e5ebebdbc02b299,1512834504,0xc2d36124ef743d19ea9ace7bb6bd3ab3165bf7db,0x1704290b300e35a745561c6c2f9e5d39cc8d4936dda9eb95057acdc1225b517a,100.5
20,0xa03e17f1609ecf17871e56aac11447719b6aa86b,1512838341,0xc2d36124ef743d19ea9ace7bb6bd3ab3165bf7db,0x10ea477822573365140d6623cfcf30ce93b81a1f5aa993995123a8cf04ed1ff7,160.0
21,0xd524dfc33c7a1d4a941addbafd646ade2d161d16,1512883686,0x4544451c39b3ca161ec5662e12a97aeec4ab753c,0x93f2913ba863dbc257d2d33b9452acb1be406242a66a02850a114551efb7ae9a,30.0
22,0x4544451c39b3ca161ec5662e12a97aeec4ab753c,1512884472,0x840690bcae0257b9761e188a33b76d49d41e1c47,0xb0bbbece12bf4d0e6877e01ed6128de82797bc13cb35ceabb1dfa116fc78857d,35.2
23,0xa03e17f1609ecf17871e56aac11447719b6aa86b,1513202681,0xc2d36124ef743d19ea9ace7bb6bd3ab3165bf7db,0x226e3dc40cb0f40c0de7aaa9fabdc6da8859933911ed6492608ddb672d121b8b,50.0
24,0x4544451c39b3ca161ec5662e12a97aeec4ab753c,1513213276,0xb97048628db6b661d4c2aa833e95dbe1a905b280,0x909797fab0921d12e8bf56717b30353fec39b011804edeb7b364203ae0b13d86,0.0
25,0x05ee546c1a62f90d7acbffd6d846c9c54c7cf94c,1513219985,0x4544451c39b3ca161ec5662e12a97aeec4ab753c,0xf2d48b55266c4d4025c990bce98e231f975829d371733fe15df9d34cc12cf659,4.878
26,0x93f36930f94fbb5afc5fb506d3f7abb9179a4e4e,1513221015,0x4544451c39b3ca161ec5662e12a97aeec4ab753c,0xb4bd7b90692996ccb554a13b1c959401f1d4bc73e98ef8dc9451a9bf2452f5a0,9.919
27,0x3f5ce5fbfe3e9af3971dd833d26ba9b5c936f0be,1513222766,0x4544451c39b3ca161ec5662e12a97aeec4ab753c,0xb2e1115a2f22b2e3beffe7af2466226a2611ad92b566a7547cee9f182a012102,50.03369681
28,0x93f36930f94fbb5afc5fb506d3f7abb9179a4e4e,1513229568,0x4544451c39b3ca161ec5662e12a97aeec4ab753c,0x7b3a2a24195f6f6716ffad8a3b9259d2e3622b077e163d1097a1ef395ba57b98,11.3
29,0xdf95de30cdff4381b69f9e4fa8dddce31a0128df,1513236224,0x4544451c39b3ca161ec5662e12a97aeec4ab753c,0xf21d23bbf964e8ab5cb90c2018f66a10d5deecca1e5be19e655a30ca578a69eb,30.46
30,0x4544451c39b3ca161ec5662e12a97aeec4ab753c,1513242182,0x84a54669eb71c4f01e08a4e9beabd6c0b230569b,0x852fe1c7022728d729f7d567e7593d7daf300542e146cfe59d0a9771f8d11b54,23.4
31,0x4544451c39b3ca161ec5662e12a97aeec4ab753c,1513242246,0x478d5c1cfdd1763d336b4f153d7169fa1007692b,0x12cda70a4ba7dd497a0403db6896375ddc3c07540e8ea553b1c8c37300ad163d,11.4
32,0x4544451c39b3ca161ec5662e12a97aeec4ab753c,1513242856,0x70e71e17c4fdc21a3cc6577fb487761cdc94b440,0x7a40f9ef6bf45b309ff2ad72b2dcf5292093650389e42fb0b0eedfc560e03f75,23.4
33,0x4544451c39b3ca161ec5662e12a97aeec4ab753c,1513243055,0xdeb6f3efdb33baea025bf0d8a9a068e45f671dab,0x0d79e3ef761aa92ee3589a2ce0a19a29cf32accbae0d9e649e4a1d197d8bbfa7,23.4
34,0x93f36930f94fbb5afc5fb506d3f7abb9179a4e4e,1513250521,0x4544451c39b3ca161ec5662e12a97aeec4ab753c,0x39266dd710f55100d649d3cb46661d6b022786ad0c3b8c4ef4e1c623d8934181,6.6262
35,0x4544451c39b3ca161ec5662e12a97aeec4ab753c,1513250584,0x56508513a3aebcf258f7b0fea4bb7fc857c4a5e5,0x93c564047716539478480ac91f63deda54820c58ff02b0076006e5d634c72f4f,8.05
36,0x4544451c39b3ca161ec5662e12a97aeec4ab753c,1513252944,0xc5bbae50781be1669306b9e001eff57a2957b09d,0xf3c4afb609e5dbf9bff2d4984e99281c78769b0c7f5919773849be0e036955e2,23.0
37,0x56508513a3aebcf258f7b0fea4bb7fc857c4a5e5,1513254384,0x4544451c39b3ca161ec5662e12a97aeec4ab753c,0xf8bbf7ecd3aee0900bb6561db3c3e4188eba1d91e9518d8234a227c055871e67,8.02
38,0x478d5c1cfdd1763d336b4f153d7169fa1007692b,1513256819,0x4544451c39b3ca161ec5662e12a97aeec4ab753c,0x45325ab9226a222a89543a498357b5fcaab0a20ef7851558799211cd3f32e21f,23.0
39,0x4544451c39b3ca161ec5662e12a97aeec4ab753c,1513256927,0x840690bcae0257b9761e188a33b76d49d41e1c47,0x682d5c65d57dcdbba26e402605e7c58da4be9136cac30c0cbec73ceedd1ef541,50.0
40,0x70e71e17c4fdc21a3cc6577fb487761cdc94b440,1513258200,0x4544451c39b3ca161ec5662e12a97aeec4ab753c,0xde3521daf344e8292505942475af4b623837ebacc79797b9758401d5f160f4cb,23.38
41,0xdeb6f3efdb33baea025bf0d8a9a068e45f671dab,1513258239,0x4544451c39b3ca161ec5662e12a97aeec4ab753c,0xca6376a856667ff94562f1740822b06b7f8e958aa79895ae5867b87324b0d870,23.394000000000002
42,0x84a54669eb71c4f01e08a4e9beabd6c0b230569b,1513258366,0x4544451c39b3ca161ec5662e12a97aeec4ab753c,0x6ae447556642f53bc6e2e1ec8342aa7725111c8d4d9a865a417ad0513bf75701,23.366999999999997
43,0x4544451c39b3ca161ec5662e12a97aeec4ab753c,1513258630,0x840690bcae0257b9761e188a33b76d49d41e1c47,0x0a007da1920f74a14b959c40f32bdd3fa36bfb86bcc68c97a5dbc070c801b0b0,74.7
44,0xcd28190d6aaa65c2052791b2d8f68fc77e666f0d,1513356028,0xc2d36124ef743d19ea9ace7bb6bd3ab3165bf7db,0x37293c3574a0adbe7edac44b1774934d82159fffbe7c11db2e47ed5e6203adac,12.0
45,0xc2d36124ef743d19ea9ace7bb6bd3ab3165bf7db,1513359078,0xe44799ef334df157e0f8e2855e5ebebdbc02b299,0x00847299342a1bc7fe098b9dd1b0b91dc9b9a6c9a3da402563324096b15a5fd1,50.0
46,0xc2d36124ef743d19ea9ace7bb6bd3ab3165bf7db,1513367871,0xcd28190d6aaa65c2052791b2d8f68fc77e666f0d,0x6e5881e9034c333556da01d9663e547de7ac6c8d09e3355c0fb21f28400f5db6,0.55
47,0xc2d36124ef743d19ea9ace7bb6bd3ab3165bf7db,1513384870,0xcd28190d6aaa65c2052791b2d8f68fc77e666f0d,0xf704636c16e8c54d2c63dbdca89aa1ffbefd9c18a9a56cebc296d01b8ec0f3fd,200.0
48,0xc2d36124ef743d19ea9ace7bb6bd3ab3165bf7db,1513385313,0xcd28190d6aaa65c2052791b2d8f68fc77e666f0d,0x46b9883f9afbd52171066dbca2fc71f47eaeadffdd15dc88c1c363055960dacd,50.0
49,0xc2d36124ef743d19ea9ace7bb6bd3ab3165bf7db,1513388732,0x872617105bd93d60e5be5670bc2475b604c80573,0xd55f024b6da3d59d3ee15864b8572add5a27ccee1ec956c538807b85221c6eb4,40.0
50,0xc2d36124ef743d19ea9ace7bb6bd3ab3165bf7db,1513398160,0xe669ea5c56c779c35d22406095216bca9b1c2f89,0xb61bca858421602bb515a40a6dfc52e1c483b3cd4f57504dcdc8e0952a1faced,1.0
51,0x93f36930f94fbb5afc5fb506d3f7abb9179a4e4e,1513399007,0x4544451c39b3ca161ec5662e12a97aeec4ab753c,0x525f08698d15a3b8e11286d34176e56e91fd6d560d49520d248101de73bf5469,2.089
52,0x4544451c39b3ca161ec5662e12a97aeec4ab753c,1513400249,0x5cd352ab255c71eb840bf8da75e5a0f481d488db,0x09a53916542379baf4aecc947100f1f89cd04db87de87a41b97abb1282bb4947,2.089
53,0xc2d36124ef743d19ea9ace7bb6bd3ab3165bf7db,1513446834,0x5ffa018104aa2862fd4a4cbafd8957c73ebbb3ef,0xc38f7fec1a44fe34bd46b4cf3c58840aab78cecbcae420dfc4b2edc60684d140,20.8
54,0x4544451c39b3ca161ec5662e12a97aeec4ab753c,1513476102,0x0e0989b1f9b8a38983c2ba8053269ca62ec9b195,0x82f48c23b9f871b6083b1a75b97b442afdf9d4cb97aa26e1fa0e670fb53d0710,0.0
55,0x296e781bbb0179b032cbcc31e4b6cdab724b2773,1513476901,0xc2d36124ef743d19ea9ace7bb6bd3ab3165bf7db,0xcf0aaf49b5e35414676dde829112f7bfebd1d49a9ff928d0f65240e1398da2f0,2.0
56,0xcd28190d6aaa65c2052791b2d8f68fc77e666f0d,1513483534,0xc2d36124ef743d19ea9ace7bb6bd3ab3165bf7db,0xe4a80931464034eaf41a9efed573d4326ba180d2d8d12d9064defe16402c18c6,270.8
57,0xef517405e064ede4e7c723e50b58f64da1f6294d,1513491642,0xc2d36124ef743d19ea9ace7bb6bd3ab3165bf7db,0xa0fe866d7e9b80c308988cc7431d28b91d15aa8e8ae68b6900b0855aa5b7ef90,5.0
58,0xccd49a62c4492eb2a64360a9e5a922f9efc086f7,1513503611,0xc2d36124ef743d19ea9ace7bb6bd3ab3165bf7db,0xe3141ce6297db83e84ef9481b07b3dd54cfcd480db9746cac47f46959dbd0242,7.0
59,0x2c08d54af95e25e61dead14299472f58f9f91a46,1513509256,0xc2d36124ef743d19ea9ace7bb6bd3ab3165bf7db,0xf6999b5390555bf69307ca7a903a201a0428fb98777c50a8d9630fdd96e36935,1.0
60,0x4544451c39b3ca161ec5662e12a97aeec4ab753c,1513529373,0x0e0989b1f9b8a38983c2ba8053269ca62ec9b195,0xd7ecacfb03123de315cf5c29fbcf13424ea4c3426a648e14f00680c21d4a4e23,0.0
61,0x4544451c39b3ca161ec5662e12a97aeec4ab753c,1513529485,0x51db5ad35c671a87207d88fc11d593ac0c8415bd,0xabfdc31627f3bcb1249932096cf81324dc3161215330d304cecebf2c92ee3712,0.0
62,0x3f5ce5fbfe3e9af3971dd833d26ba9b5c936f0be,1513581941,0xc2d36124ef743d19ea9ace7bb6bd3ab3165bf7db,0xf00792f384d76f568d1511ca547296046016e2776e8dc01f9ba5fb608f58f9c5,5.0
63,0x099a0f4f1dd440997e28fc95ccb530dd97cbd664,1513582803,0xc2d36124ef743d19ea9ace7bb6bd3ab3165bf7db,0xfd633826fa2f884a99fddb54b5b301e932889d5e7f8a06247cbd5ea25f8f14f0,4.0
64,0x2b0f00b99f34287e29f719a7547d099b48d23e68,1513583879,0xc2d36124ef743d19ea9ace7bb6bd3ab3165bf7db,0x60ac0d460cbb26e5cadea127fb6119455bd4119dfa6ab5c52d552b0a04a2edfd,10.0
65,0x39d9f4640b98189540a9c0edcfa95c5e657706aa,1513585848,0xc2d36124ef743d19ea9ace7bb6bd3ab3165bf7db,0x7ecbd5b3d44ace816aad34d0d5a9d8434ba1e3b6ffab5fa38cd66f0ed5c6ed11,4.9907
66,0x3f5ce5fbfe3e9af3971dd833d26ba9b5c936f0be,1513586174,0x4544451c39b3ca161ec5662e12a97aeec4ab753c,0x59139bc069c10eaef564a35ee4bf76e5d39837655b493041b52fa25dbfa09fe0,20.06348475
67,0x82e2e65d661e1c7fa27f88a428a274b94e82febc,1513586370,0xc2d36124ef743d19ea9ace7bb6bd3ab3165bf7db,0xa06fc0c05e2679fc862cdba6101db2e58fd75d9fb6470c6972430b359aa497fa,12.0
68,0x481e8e4e326867aca1e5c62dc399934a020b86a5,1513587647,0xc2d36124ef743d19ea9ace7bb6bd3ab3165bf7db,0x40f61f6987c941fc570220db30b9c5c47d8bb0a616512201594796139b3dc841,50.0
69,0x296e781bbb0179b032cbcc31e4b6cdab724b2773,1513588021,0xc2d36124ef743d19ea9ace7bb6bd3ab3165bf7db,0xf4de695920edf73824e155e0cb700d1810df999ed2b33ea67795eab41fce49b9,10.0
70,0x3f5ce5fbfe3e9af3971dd833d26ba9b5c936f0be,1513588201,0x4544451c39b3ca161ec5662e12a97aeec4ab753c,0x09432792487bf04cdf5c06bd1adb4772fcd80798fd62186ba268e89a49f30432,31.27320829
71,0x283a059b5456f1ac6fb6a2b4dac76bc5facb3d86,1513588319,0xc2d36124ef743d19ea9ace7bb6bd3ab3165bf7db,0x10ce468436ced070e6978ace679d0820e193f95c63cd5884a20a7274f53f42dc,20.0
72,0x09cc7db7655304df307590c98f0d82e36f43f058,1513588713,0xc2d36124ef743d19ea9ace7bb6bd3ab3165bf7db,0x9b577d068371211dc4f5998e2afdb5bfc2eb3ec59f2b225b74ef3cfe04d9abff,40.0
73,0x3f5ce5fbfe3e9af3971dd833d26ba9b5c936f0be,1513589751,0xc2d36124ef743d19ea9ace7bb6bd3ab3165bf7db,0x209c8c7ca0c289bfa37cf353012467e7a07295b434f1ca51665fafb5f8183e8b,15.0
74,0xcd28190d6aaa65c2052791b2d8f68fc77e666f0d,1513590474,0xc2d36124ef743d19ea9ace7bb6bd3ab3165bf7db,0x472f2d812c1afe38d43c027b0a1165b6829476c6e494a8138a595731958356d0,10.0
75,0x3f5ce5fbfe3e9af3971dd833d26ba9b5c936f0be,1513594205,0x4544451c39b3ca161ec5662e12a97aeec4ab753c,0x08ff50c6dc633a58a1fa38040cd35612c5337082acd6b74c0039cc546e0778d4,30.03118673
76,0x4544451c39b3ca161ec5662e12a97aeec4ab753c,1513594304,0x40e3be6b2d434fb10d4f4fbe375a82cdf06878a5,0xdf4b0fbb87298bd198239ffc0bc9db0e18d416dcd4a8a56fb530dd671e84f047,30.0
77,0x4544451c39b3ca161ec5662e12a97aeec4ab753c,1513594369,0x8b65519e25f8995b631912f03956efda28dd8fdc,0x50dd4bdeb5bcaab788bbbf2a17ba1de358e0ba158d811f21faff71c2c50f846d,50.0
78,0xa37552588158c42d50a6ebabda09eb11a3c9250d,1513605804,0xc2d36124ef743d19ea9ace7bb6bd3ab3165bf7db,0xcb65a93f1fb81a9c7bfb21dc04f1b29c65fd6ddd1c44ca30d18ad02bee3a33de,4.001
79,0xe44799ef334df157e0f8e2855e5ebebdbc02b299,1513615230,0xc2d36124ef743d19ea9ace7bb6bd3ab3165bf7db,0xa7a7ca48e96ce45e9191bd480d88ccd7cad9f90fbd67b83a5d32ef737e6659d0,8.0
80,0x3f5ce5fbfe3e9af3971dd833d26ba9b5c936f0be,1513615230,0xc2d36124ef743d19ea9ace7bb6bd3ab3165bf7db,0x19cd34bc7d7c554ebe382c318b8af52caa3e3c6fa5c839fe43135f7aa52a15f9,50.0
81,0x296e781bbb0179b032cbcc31e4b6cdab724b2773,1513616152,0xc2d36124ef743d19ea9ace7bb6bd3ab3165bf7db,0xdbafa4aa563362f00c3a1fbea86942e6ddbce6a443f8d96a24f5585bec90347c,2.0
82,0xa30d8157911ef23c46c0eb71889efe6a648a41f7,1513617600,0xc2d36124ef743d19ea9ace7bb6bd3ab3165bf7db,0x3da0be3d1ca6bd3034d15d543ac444c278a1042eb43650707fd179050beab86b,20.0
83,0xb039df879f41487396c6ef973272ed4db4c88c90,1513640204,0xc2d36124ef743d19ea9ace7bb6bd3ab3165bf7db,0x7148d536b67dd8cd5cfdc5350ed011ba22f9c59ad15aa56a697817eee6dcb9d0,20.0
84,0xe2addf8a1358e46f9f72e8d94b9878cb35acf337,1513647080,0xc2d36124ef743d19ea9ace7bb6bd3ab3165bf7db,0x80d3f5d1badb9eb153875ba1470007f87a05bb9a307716755a798987d626b126,50.0
85,0x2c08d54af95e25e61dead14299472f58f9f91a46,1513649739,0xc2d36124ef743d19ea9ace7bb6bd3ab3165bf7db,0x6db95e3e4aeb21aade788ea6253abe41e08043b1dfaab19cf86d476c3f4cd4df,1.0
86,0x8a6eebcdc30c130cef9942e7eeed4fe9d0ad7842,1513650747,0xc2d36124ef743d19ea9ace7bb6bd3ab3165bf7db,0xb6496f6eaee3ec51abfee681210326fe6f25fa07cd369b2c67a84e8e96a2e34a,5.0
87,0x872617105bd93d60e5be5670bc2475b604c80573,1513653611,0xc2d36124ef743d19ea9ace7bb6bd3ab3165bf7db,0xff5c56e906f0deb734881d5334d139f2247e901f48f5190c864718af89ea9920,40.0
88,0xae8159b04878578d8cad94e9af572a99586c06bc,1513655724,0xc2d36124ef743d19ea9ace7bb6bd3ab3165bf7db,0x20d5051ce1cc0b29e4b4c74bb805b1991b1c312c2ca701c42068ab96a84158c8,5.0
89,0x4544451c39b3ca161ec5662e12a97aeec4ab753c,1513656458,0x263c618480dbe35c300d8d5ecda19bbb986acaed,0xfccee504ba1fc9c36e3d185f30b16670854e3f88838739216d93910c6cf5dda9,0.0
90,0x4544451c39b3ca161ec5662e12a97aeec4ab753c,1513657096,0x263c618480dbe35c300d8d5ecda19bbb986acaed,0x7e017af8eabe98b442612520ac45bc6c74bfad14d3df8e8eb9b5e2412ac37d5a,0.0
91,0x05ee546c1a62f90d7acbffd6d846c9c54c7cf94c,1513657636,0xc2d36124ef743d19ea9ace7bb6bd3ab3165bf7db,0x4d226cac0cfaadea9ed180b872abedd789d9cadfae6401468b3350a2e888442c,1.797
92,0x4544451c39b3ca161ec5662e12a97aeec4ab753c,1513657704,0x263c618480dbe35c300d8d5ecda19bbb986acaed,0xadeb1ff288132ff1bcfc93b89b24d6da14473992817dcf7ba2c5349c004aae8c,0.0
93,0x05ee546c1a62f90d7acbffd6d846c9c54c7cf94c,1513657929,0xc2d36124ef743d19ea9ace7bb6bd3ab3165bf7db,0x6856d4653e7d0eca83916209bfdf886478a7e1207ab134725d226db1b50300c2,0.19699999999999998
94,0x4999ba3e07e8446389fc80467cf6cba34ab2363b,1513659287,0xc2d36124ef743d19ea9ace7bb6bd3ab3165bf7db,0x59b8cb68d977d5c25d2090642bfebec7debd0792874cb7d8a6a8a7120be19e83,5.0
95,0x3f5ce5fbfe3e9af3971dd833d26ba9b5c936f0be,1513659857,0xc2d36124ef743d19ea9ace7bb6bd3ab3165bf7db,0x060b9968732e681d6228a2600c010331e2193844470de357e99213bd75856f23,6.01
96,0xbf1e475daf46b1fc8189b99959eac613e800bc40,1513660069,0xc2d36124ef743d19ea9ace7bb6bd3ab3165bf7db,0x163da1a8ffb1b493e2dd37452ee3c7ea19e9778963f49101b1e4cea239394de1,1.0
97,0x3f5ce5fbfe3e9af3971dd833d26ba9b5c936f0be,1513660672,0xc2d36124ef743d19ea9ace7bb6bd3ab3165bf7db,0xb421a56ab842f3d2891be7e0fc0362055b8b31c96fe54b3a5a55e367ed796a61,2.0
98,0xc2d36124ef743d19ea9ace7bb6bd3ab3165bf7db,1513663116,0xcd28190d6aaa65c2052791b2d8f68fc77e666f0d,0x59c94438797a83065805180726b9826410baa755aaef5649a134c7a1edce7ba7,20.0
99,0x236f9f97e0e62388479bf9e5ba4889e46b0273c3,1513663243,0xc2d36124ef743d19ea9ace7bb6bd3ab3165bf7db,0x70e7f0485ecaedd987e84ec0fa29832bc1c643e9a05389166a137ea804123c3b,3.0
100,0x925d560bd8ab8741b0421d45562d15f67b1717f3,1513666254,0xc2d36124ef743d19ea9ace7bb6bd3ab3165bf7db,0x64a7edc5a1b95966d5022af83a2a042f7dec16e1e0fe5378990a3c30e9233e7a,3.01
101,0x635555693bc2e2993ab5fdc0cf7dddb479aa55fb,1513670015,0xc2d36124ef743d19ea9ace7bb6bd3ab3165bf7db,0x80694cd1e4cb72ac18bbba779555f4edad516c990d337caca91c5b2ce0f69e37,14.0
102,0x635555693bc2e2993ab5fdc0cf7dddb479aa55fb,1513672580,0xc2d36124ef743d19ea9ace7bb6bd3ab3165bf7db,0x0da501815858397ad1f7e819a7dafb3863f9645dc9e1c9ec06db0ee6c3949a23,1.0
103,0x05ee546c1a62f90d7acbffd6d846c9c54c7cf94c,1513689214,0xc2d36124ef743d19ea9ace7bb6bd3ab3165bf7db,0xff3ffdc5c257689204f40f684f35cea6db20b437c771a29a4663b12d8a7fd021,9.6
104,0x4544451c39b3ca161ec5662e12a97aeec4ab753c,1513690504,0x0df1f2b5ddaa7946cb78dd1fa7109cb6a05e42f3,0xb8ee3013fc7f259ffb26541f982e48501f1a61b0bba10863a36d7b35cb2ba731,0.002
105,0x4544451c39b3ca161ec5662e12a97aeec4ab753c,1513690937,0xff603f43946a3a28df5e6a73172555d8c8b02386,0x965f308f97c36008015a16d178cfe08536cc50732c5e23ea73ecf622c8d7c1fb,0.0
106,0x05fcf9ae87adc3b70d7cf0ed1325bed8eb142c92,1513705922,0xc2d36124ef743d19ea9ace7bb6bd3ab3165bf7db,0x50cc43812022d3034bc9e6159550bcec2bcfb6e2f69708bc2bcd1359aa0ca429,12.0
107,0x3f5ce5fbfe3e9af3971dd833d26ba9b5c936f0be,1513732153,0xc2d36124ef743d19ea9ace7bb6bd3ab3165bf7db,0xff849048fac7cad87d226f7fff0e351424694ba767a056e9225d74df8c30d788,5.0
108,0x3c5aac9f7a8d5a8bfb0f8b0f56af191e8273586d,1513752928,0xc2d36124ef743d19ea9ace7bb6bd3ab3165bf7db,0xab010b7ab4f6083369e92997a3bd410f349209cfe0eb4f01a899133a8eb9e4a5,6.0
109,0xc2d36124ef743d19ea9ace7bb6bd3ab3165bf7db,1513757080,0x3a04c379487ca98bb943454db5e588e4eae6e419,0xbeb3de1706698f69ac5d252fc1cb0f462d43a06d91e825d5ac285bc8b219baac,963.0
110,0x4544451c39b3ca161ec5662e12a97aeec4ab753c,1513757661,0x20e94867794dba030ee287f1406e100d03c84cd3,0x4f743afe1a01702e5b186431fd2ae15706c3e0f4496585d5ec1f165c0b1ef748,0.0
111,0x4544451c39b3ca161ec5662e12a97aeec4ab753c,1513759336,0x20e94867794dba030ee287f1406e100d03c84cd3,0x5058f6d8cfdc5ed683d00f85c33e77993a2ed801a7fe9b97f57f74f5ce1fc074,0.0
112,0x4544451c39b3ca161ec5662e12a97aeec4ab753c,1513759781,0x20e94867794dba030ee287f1406e100d03c84cd3,0xdb45471aa871de442f840263383b37ee47b3e6e1c34588f79f6867e132f96499,0.0
113,0x4544451c39b3ca161ec5662e12a97aeec4ab753c,1513762108,0x20e94867794dba030ee287f1406e100d03c84cd3,0x628d9e0126aec4f6b08a305fd0aeae2ae395a6c8d38f45cd76aa00c9e77a6bc3,0.0
114,0x4544451c39b3ca161ec5662e12a97aeec4ab753c,1513763679,0x20e94867794dba030ee287f1406e100d03c84cd3,0x2190732dfee1dab62a449b2e568c3cbaec2fae5dbb95cce9ca6dc55313725774,0.0
115,0x4544451c39b3ca161ec5662e12a97aeec4ab753c,1513767227,0x20e94867794dba030ee287f1406e100d03c84cd3,0x790bc132ab508df73005162893c57de66d1effb7e10a89958fa925251aebf38b,0.0
116,0x4544451c39b3ca161ec5662e12a97aeec4ab753c,1513776695,0x20e94867794dba030ee287f1406e100d03c84cd3,0xb5f003a70a22316d0dff1b196f2128d3ba76c90e080dc1ab48e29d6698d4b799,0.0
117,0x4544451c39b3ca161ec5662e12a97aeec4ab753c,1513779271,0x1990fa7355a6c56dd8af6c963542e7f05978c54d,0x47acb2a360ed62f6e3e264889f9d7ca6d2eb35301a10470eff394ac5ce33bd1c,0.5
118,0x4544451c39b3ca161ec5662e12a97aeec4ab753c,1513786535,0x86fa049857e0209aa7d9e616f7eb3b3b78ecfdb0,0x53ba32e01486746ec423df35cedb88fe087490f6f02de44e345620931c48bd2c,0.0
119,0x4544451c39b3ca161ec5662e12a97aeec4ab753c,1513821708,0xc5bbae50781be1669306b9e001eff57a2957b09d,0x26f16dc8e977e1ab6e82b5574062da488ee9d393737551dcbce299866bf4f2c4,0.0
120,0xb47fd2d696e83500ea4c60057da4942e7104aae5,1513822129,0x4544451c39b3ca161ec5662e12a97aeec4ab753c,0xeb57b7fae46398393ddd49916cc983b410dbae23fc012951072b2167e019bbbd,3.62
121,0x4544451c39b3ca161ec5662e12a97aeec4ab753c,1513822158,0xc5bbae50781be1669306b9e001eff57a2957b09d,0x6410197d6a5483a757e51caf999b3d6ae16920ac777bac739842fc1637dcec4a,0.0
122,0x8b65519e25f8995b631912f03956efda28dd8fdc,1513831888,0x4544451c39b3ca161ec5662e12a97aeec4ab753c,0x50b9afd041c39a5106f53f7410f49a940e5f723168e1bb3dc15db3f77e26ce3c,50.0
123,0x4544451c39b3ca161ec5662e12a97aeec4ab753c,1513832738,0x79c51dddc383ddd515ae5ee469096797e0fa5afb,0x048a685bac24eeaa436dac1a832357d6e5ad9df20c5fabad9c5b306cd8c50500,30.0
124,0x4544451c39b3ca161ec5662e12a97aeec4ab753c,1513833734,0x79c51dddc383ddd515ae5ee469096797e0fa5afb,0x18edbe8daef287595e7c359f2289ad341063e83e614e61b351079b872d9ab6b5,21.0
125,0x4544451c39b3ca161ec5662e12a97aeec4ab753c,1513834012,0xfcc857b25fbc93c458330087f01332bc815656f4,0x7e85c3a635cc1c2d54d8c6022b9e63cdeba693cb909ad548b48a0d9d445004b6,3.5
126,0x3f5ce5fbfe3e9af3971dd833d26ba9b5c936f0be,1513835838,0x4544451c39b3ca161ec5662e12a97aeec4ab753c,0x587ed5ec5780f1dffb5809898d85795554aa0f9299575c6c8435934fe73c495f,32.21761148
127,0x4544451c39b3ca161ec5662e12a97aeec4ab753c,1513836263,0x72a6d23444095f8d863e7e12daa535f175352d4e,0x7ecd786497f4f396e558cd763169aa57290342482b65981cbce48ef6e0060cb0,32.0
128,0x4544451c39b3ca161ec5662e12a97aeec4ab753c,1513836550,0xc5bbae50781be1669306b9e001eff57a2957b09d,0x199dd183e4453a51a6b5cc62b86988bb6481d02affd3d6235ea5a12a5e7984ff,0.0
129,0x3f5ce5fbfe3e9af3971dd833d26ba9b5c936f0be,1513860869,0x4544451c39b3ca161ec5662e12a97aeec4ab753c,0x8dab9f857f102f05c94733f02bb8300e23fe819ba7f8d18ba2f3cba80ee3db02,35.19436258
130,0x4544451c39b3ca161ec5662e12a97aeec4ab753c,1513861047,0x82eb798c6eee1195876c6d75357671014b7e9848,0x71b754f6e4012b8b66dc0ede099f53681d0dc767842d22e4e5e35b1f36a20119,30.0
131,0x4544451c39b3ca161ec5662e12a97aeec4ab753c,1513910908,0xe348ac4ee8c6ae6f71330ff94c8fac9793cd244e,0xc9571fb1627275b3f22749f3add1f94d4595f37d314844169c887920473ff58b,5.0
132,0x4544451c39b3ca161ec5662e12a97aeec4ab753c,1513968328,0x20e94867794dba030ee287f1406e100d03c84cd3,0x31dd9f8cd04f8c3699b43a4c74694299b3871584e22d53c10eb42210089a94ab,0.0
133,0x1e3a6c35359d210f7542831f4b94808c9b5bee37,1513992746,0x4544451c39b3ca161ec5662e12a97aeec4ab753c,0x55e8e992b55d59d162ab828576df44adc17b55e2e99335449dbc6c42fdc741e5,30.0
134,0x4544451c39b3ca161ec5662e12a97aeec4ab753c,1514005455,0xce9e1e4c243b9dbe434079835b565a07f03b58af,0xba045dc5551f3d6dae3733ae1c76ada110e580c2b4d1ed3cefb099a7f09a8b45,3.7739999999999996
135,0xc2d36124ef743d19ea9ace7bb6bd3ab3165bf7db,1514090507,0x3c5aac9f7a8d5a8bfb0f8b0f56af191e8273586d,0x59c1fe04abf3d02c0403acf0cb0e92fa3ba8389cc36531feceb00abbc7e28cf3,0.64
136,0x4544451c39b3ca161ec5662e12a97aeec4ab753c,1514104500,0x7adcd8529923e6fbf3651311eb4b39a99489755e,0x7db409c253fa2a9da838decee5916f6a622d6935ad4f9863dbf758d5194fcd8f,25.0
137,0x4544451c39b3ca161ec5662e12a97aeec4ab753c,1514115234,0x20e94867794dba030ee287f1406e100d03c84cd3,0x13190ef0bdf9f1bba7c988b4ae5ce28a8f6b27ab976aafbcb20963b9832f8aaf,0.0
138,0x7b74c19124a9ca92c6141a2ed5f92130fc2791f2,1514129975,0x4544451c39b3ca161ec5662e12a97aeec4ab753c,0x2b283a48b05f7a20d370168596c4e611ddba4b4ddf76507bdcb17cf8f558989b,117.67201000000001
139,0x4544451c39b3ca161ec5662e12a97aeec4ab753c,1514130388,0x840690bcae0257b9761e188a33b76d49d41e1c47,0x767a304e54f230d898e76c5ae891e07b62f9e9745d43cf55c995367aab1b5dcd,119.0
140,0xd75682234ea7676b9ce7d9a11ff4a0a4d23a8ddc,1514200944,0x4544451c39b3ca161ec5662e12a97aeec4ab753c,0xc970927f53eb243c1d9dd6fd1982536a0ee6381d4657eac60b5e502779851a2e,30.0
141,0x4544451c39b3ca161ec5662e12a97aeec4ab753c,1514207050,0x8bbca007d6743d8bf260725049a95d805f4415ce,0xf9de900f91fdc73e7e54ae3c3313cacb32291e3615b713925ebab8a2489c9b89,20.0
142,0x3f5ce5fbfe3e9af3971dd833d26ba9b5c936f0be,1514251803,0x4544451c39b3ca161ec5662e12a97aeec4ab753c,0x758b46fcd6c8834f73eab54c513e39a8ccd4e3989178f1df9179b337264e1c66,5.0
143,0x3f5ce5fbfe3e9af3971dd833d26ba9b5c936f0be,1514252474,0x4544451c39b3ca161ec5662e12a97aeec4ab753c,0x585cc394f7062ead99c12b04b5f1ff4a7dc8e63a6d7974cb8ce901ed165397dd,4.7
144,0x3f5ce5fbfe3e9af3971dd833d26ba9b5c936f0be,1514252820,0x4544451c39b3ca161ec5662e12a97aeec4ab753c,0x7e52a9fdee94a99d6ff2c90cc787b1f30eb337b332be98ceec006b841564e43f,5.3
145,0x236f9f97e0e62388479bf9e5ba4889e46b0273c3,1514253188,0x4544451c39b3ca161ec5662e12a97aeec4ab753c,0xbc069fc766f6769560613d4b4056d54d7f1d76bb9fc7bd01e7bef526ca1a7ea3,4.0
146,0xd75682234ea7676b9ce7d9a11ff4a0a4d23a8ddc,1514258412,0x4544451c39b3ca161ec5662e12a97aeec4ab753c,0xef743cb50799f06cf438bf67f0caaa074f020439f343dff211cd6c2dd855d469,20.0
147,0x3f5ce5fbfe3e9af3971dd833d26ba9b5c936f0be,1514258601,0x4544451c39b3ca161ec5662e12a97aeec4ab753c,0xe49772bcb018833f255d6def3d07b86f1a54a3cda3e5b8e2d124422ca92314ab,78.10193072999998
148,0x3f5ce5fbfe3e9af3971dd833d26ba9b5c936f0be,1514258809,0x4544451c39b3ca161ec5662e12a97aeec4ab753c,0xa1908d1c219206a22f33bfcde90791b0d0cc232882eb97f414e6bb636d0a0fe9,32.51008204
149,0x4544451c39b3ca161ec5662e12a97aeec4ab753c,1514258916,0xdf46a4cf3f849cb328e48a0d2845136ecb2ba583,0x2ff9568db0cda4d91178b738ef410935de41462836b5bc751364ba593ae1a4a9,159.0
150,0x74adb2bf390cad90c195d93bd93f656ab90c0435,1514258982,0x4544451c39b3ca161ec5662e12a97aeec4ab753c,0x9b9291d71291ccb4b77c2c9efe21350389419a7b8361ab0f1e971ec22e4b4bb1,4.0
151,0x3f5ce5fbfe3e9af3971dd833d26ba9b5c936f0be,1514259853,0x4544451c39b3ca161ec5662e12a97aeec4ab753c,0x060cfde1ab303da02abf77d1bc81ce9cd1388ac9f2658e35562de123f28486c9,5.0
152,0x3f5ce5fbfe3e9af3971dd833d26ba9b5c936f0be,1514275629,0x4544451c39b3ca161ec5662e12a97aeec4ab753c,0x9196fd5a6bdadcdbfaf6266a277394960809bccff9a33c30255f4559ad32681e,16.84297058
153,0x4544451c39b3ca161ec5662e12a97aeec4ab753c,1514276068,0x56508513a3aebcf258f7b0fea4bb7fc857c4a5e5,0x65f346b771edc25fd1896f9b3a22cf2df43de68935bdb1dd5d9f6b07f34d8a53,25.0
154,0x478d5c1cfdd1763d336b4f153d7169fa1007692b,1514291275,0x4544451c39b3ca161ec5662e12a97aeec4ab753c,0xa7bbcf4ab170e9ea55597560c6a18da26f4595cf25ae0752e26ce642d7f9f960,0.3
155,0x4544451c39b3ca161ec5662e12a97aeec4ab753c,1514291532,0x2ffeecd6e3df6d968e141f227ce1c945a62a2a86,0x5600758cab21ba47e4403a37d2280648c66388df83592a1cd77092a0ea8615a8,2.0
156,0x3f5ce5fbfe3e9af3971dd833d26ba9b5c936f0be,1514365507,0x4544451c39b3ca161ec5662e12a97aeec4ab753c,0xa4a9d90b6264aa6793bbb5c4a8e349dc7e9868bd31fd37ff1d323e0dbd99f12d,21.19511235
157,0x4544451c39b3ca161ec5662e12a97aeec4ab753c,1514366040,0xdf46a4cf3f849cb328e48a0d2845136ecb2ba583,0xd6c72b5a726b7be2d27b5e4db264b6270ae67bc082da165acfedb7274448ebd3,21.0
158,0x4544451c39b3ca161ec5662e12a97aeec4ab753c,1514394378,0x20e94867794dba030ee287f1406e100d03c84cd3,0xede3748d5a399a8e272bcbcc30a9cdc8fb898548999ca9a129175131b3a3a4f8,0.0
159,0x9e6033edd6ce498cc82051d78ef8de7c509243e7,1514424862,0x4544451c39b3ca161ec5662e12a97aeec4ab753c,0x3b5a1b67dd58dc99b847c8453dd65311df41bc5545282778d4227e5204cbe212,0.0
160,0xaeec6f5aca72f3a005af1b3420ab8c8c7009bac8,1514467854,0x4544451c39b3ca161ec5662e12a97aeec4ab753c,0x212f55c6e40ddc248797dab1171e4d2b9788cb920bc24123db56f870c410ca80,28.8363
161,0xd0f33da5371db8f4744323111b86899d711b475a,1514469597,0x4544451c39b3ca161ec5662e12a97aeec4ab753c,0xb7f91d7a3ebbef3b31f5b954506d71accb71940ec96c83b6d390172639aa43ca,4.99
162,0x935c872530a4d084b212d6d07a3a48815a37916a,1514472372,0x4544451c39b3ca161ec5662e12a97aeec4ab753c,0xe9247cef248196cacc4544cfb344d6f25258c6dbbc0965d37e6e29dead908140,7.0
163,0x80fc26dd3f108c24a6f5ae316c9726cff35798db,1514473176,0x4544451c39b3ca161ec5662e12a97aeec4ab753c,0x1e28edef1f685fdb10cc5147286b26bf06e53c79cf04c6e0df74e775b0f3a0a7,7.984
164,0x4544451c39b3ca161ec5662e12a97aeec4ab753c,1514511229,0x840690bcae0257b9761e188a33b76d49d41e1c47,0xa5bfdf3cf0f60b60f12f385ff97e7b268738b16562e5c5207751cd3132f959a1,34.0
165,0x4544451c39b3ca161ec5662e12a97aeec4ab753c,1514534616,0x747d3a4f724a8a6c11690bb02cb8ef28c987017e,0xb70c98fa5dc7ed22c1470bf73c547ff1448ee3f7cbfcd99b021435666618d6b0,15.0
166,0x56508513a3aebcf258f7b0fea4bb7fc857c4a5e5,1514536924,0x4544451c39b3ca161ec5662e12a97aeec4ab753c,0x655d369c81e2c736d4d38923c8c06b9e5153fa0c2f113beca8085d0f6af1ab63,6.0
167,0x05ee546c1a62f90d7acbffd6d846c9c54c7cf94c,1514538973,0x4544451c39b3ca161ec5662e12a97aeec4ab753c,0x770a73b080bade9d62e1a28813ad10fa8449e5600e5f64ae617a1675918b8ffc,7.2170000000000005
168,0x3356e3169b41a5322ea09d5e786099134959c2c9,1514541354,0x4544451c39b3ca161ec5662e12a97aeec4ab753c,0x06ee2cfe15ec4722adeb7dede128c7307ebfaa1e452352f61b3b6ea6d503aa7f,14.99
169,0x3f5ce5fbfe3e9af3971dd833d26ba9b5c936f0be,1514543482,0x4544451c39b3ca161ec5662e12a97aeec4ab753c,0x1d8b836503d55b7ac173d27a687bae62ae1f81c31bf5216121fb2599abe6761b,26.12100239
170,0x4544451c39b3ca161ec5662e12a97aeec4ab753c,1514547864,0x8255f938d1873725228014ac32708d23add5b221,0x97aa895207be36fe3565bdb31868a5b9debfbe8748e868624de1a1c9c12e773a,20.0
171,0x462fb6aaaa1cd4402826c278cc4a50668db55ee1,1514548293,0x4544451c39b3ca161ec5662e12a97aeec4ab753c,0x22c4b0bed7744b90c362da6dc12b56777733709f4706a33132108b8230a7958f,3.0
172,0x4544451c39b3ca161ec5662e12a97aeec4ab753c,1514549134,0x8869c47937add472a8286a5bd334e113dfe0c9f9,0x76438cdd3538497d1161346d76936f3974fd12fa93f7eeaf4a4565300dd3086f,20.0
173,0x3f5ce5fbfe3e9af3971dd833d26ba9b5c936f0be,1514550325,0x4544451c39b3ca161ec5662e12a97aeec4ab753c,0xaa989d91615b12a52852a11dc001e364d7be50566f5c25b698c09dd165c4f5c9,25.832132
174,0x4544451c39b3ca161ec5662e12a97aeec4ab753c,1514553427,0xbb8e8a8431d88de8f19aa62572bdb5bb6877b78b,0xfbca6bce75ac56ccdfcd020fa5002778b5003e8174f70215bfbf1dcec393946c,30.0
175,0x4544451c39b3ca161ec5662e12a97aeec4ab753c,1514563144,0xa5f6f4630318d8ffbe8896790900025b9466699a,0x61d2bd1e52ec0bdae09f86be9275c4a7a2286b330d82e9b4dd37b3ac82e000f9,10.0
176,0x09cc7db7655304df307590c98f0d82e36f43f058,1514599628,0xc2d36124ef743d19ea9ace7bb6bd3ab3165bf7db,0x9b7204210ce407aee79cb5642d626597d3c8ed65df215b02bb258db81a700da1,12.0
177,0x45d8bae872fe698f84ee413a0436d34a883479d7,1514599662,0xc2d36124ef743d19ea9ace7bb6bd3ab3165bf7db,0x74e30e11a78c12d8e8c2d0428e9f6ffb4ff20870bb50ad57a75b5c05542031b5,100.0
178,0x3c5aac9f7a8d5a8bfb0f8b0f56af191e8273586d,1514599884,0xc2d36124ef743d19ea9ace7bb6bd3ab3165bf7db,0xdeaa70fe9fa9667425e786760e5fe69490c5d4dd88a7018ff3d139837408a4c7,40.0
179,0x7931ff60ddd7c3a00a916046c0c09c028008c6ac,1514600427,0xc2d36124ef743d19ea9ace7bb6bd3ab3165bf7db,0x2a9798c6646eb4473e6a7f933712af6aa5be1dda6afd55a19bffa35a8b38190c,40.0
180,0x3f5ce5fbfe3e9af3971dd833d26ba9b5c936f0be,1514600957,0xc2d36124ef743d19ea9ace7bb6bd3ab3165bf7db,0x21744589f9db974c7d8f457b0567e4693f5ff7538c30bda8dd0f31598ca4a329,29.99
181,0xc2d36124ef743d19ea9ace7bb6bd3ab3165bf7db,1514603736,0xda0c7a50171da3d76db313db0b059c165db2f62c,0x0fc28783269b4f58727a1d576f670065682c4b1cb068bfb9d62f0ffd2897961d,29.99
182,0xc2d36124ef743d19ea9ace7bb6bd3ab3165bf7db,1514604109,0x7931ff60ddd7c3a00a916046c0c09c028008c6ac,0x424a0d9cd4feeb33759d51c21e9d64ef659672a1433e4f61e0ad54a85ce2efeb,40.0
183,0xda0c7a50171da3d76db313db0b059c165db2f62c,1514604142,0xc2d36124ef743d19ea9ace7bb6bd3ab3165bf7db,0x8b6e19a79606bbf2cea6326494c2f8dcef45e98b9e5968ae8c4a37ac3d615608,30.0
184,0x3f5ce5fbfe3e9af3971dd833d26ba9b5c936f0be,1514604208,0xc2d36124ef743d19ea9ace7bb6bd3ab3165bf7db,0xa103a867ddec9bccf74169e5ed70c824b6f476226f213becbf27503ead34282a,30.0
185,0x3f5ce5fbfe3e9af3971dd833d26ba9b5c936f0be,1514604208,0xc2d36124ef743d19ea9ace7bb6bd3ab3165bf7db,0xf223ce7dc58e6e8d262679f042d1feed126c9eeea119a6a2292948c2d71effeb,19.99
186,0xb039df879f41487396c6ef973272ed4db4c88c90,1514604468,0xc2d36124ef743d19ea9ace7bb6bd3ab3165bf7db,0x3100410118cc1b1131ed0018cf9f9e6cf65b34e0dda9a8244e72163754ffc3c2,120.0
187,0x3a6dde226c704db442e8e623ddc56ca259ee82c8,1514604521,0xc2d36124ef743d19ea9ace7bb6bd3ab3165bf7db,0xf984243e135bbf694a16d2989bde37778da7ea919277fb76cc1589b56bb2d6b0,5.0
188,0x3f5ce5fbfe3e9af3971dd833d26ba9b5c936f0be,1514604629,0x4544451c39b3ca161ec5662e12a97aeec4ab753c,0x408cb2139c1a405df1ff82fcc90612e8a8f52ff5177a56e67904d4f8553109e6,5.0
189,0xabd5fe635d17cffc2e8096e206c5540e84e1b354,1514604760,0xc2d36124ef743d19ea9ace7bb6bd3ab3165bf7db,0x0d5f117386ea8e6b80429ecd87084e70c809ed731ea93f28e08cc8a0d7eb0b03,2.0
190,0xd75682234ea7676b9ce7d9a11ff4a0a4d23a8ddc,1514604830,0x4544451c39b3ca161ec5662e12a97aeec4ab753c,0x76352e361ff75bc4b4b9dd0a25df0cc3dbf54dc01cec07d2e2f69207e8c9d504,29.0
191,0x3f5ce5fbfe3e9af3971dd833d26ba9b5c936f0be,1514604989,0xc2d36124ef743d19ea9ace7bb6bd3ab3165bf7db,0x8e2467e5574438e7d27bdc7a59c7a14357fcc222c0807981567959987981a8fe,10.0
192,0x3d64facacd587aec0ca28f06db62a85551bd7524,1514605024,0xc2d36124ef743d19ea9ace7bb6bd3ab3165bf7db,0x8fe6bf8c574ef359aa539bfd5cc4b105ab48aa33e36ebf71d166b5d699583e74,4.0
193,0xa8660c8ffd6d578f657b72c0c811284aef0b735e,1514605072,0xc2d36124ef743d19ea9ace7bb6bd3ab3165bf7db,0x05c3532408225f8a683ad3d6d628677ded8b9b7f38ff9c8bb1bd31bc1b48a671,1.986
194,0xf87c414879a640be929de9534aad0db27aa6b8e2,1514605163,0xc2d36124ef743d19ea9ace7bb6bd3ab3165bf7db,0x50cab02275155e1f69163c3557a4e18e126758bbfe7f2d90ef3ea0baf7ed8a23,2.0
195,0x3f5ce5fbfe3e9af3971dd833d26ba9b5c936f0be,1514605275,0xc2d36124ef743d19ea9ace7bb6bd3ab3165bf7db,0xd80ac41f7483b34434db900e8a1a8159c67bb9739d762d8f2f8a3061ed54e604,3.0
196,0x3f5ce5fbfe3e9af3971dd833d26ba9b5c936f0be,1514605296,0xc2d36124ef743d19ea9ace7bb6bd3ab3165bf7db,0x30128962e2fa391cfd0d539e2de999a3f4ad775925fe9de98f82c53e2ee44e6b,5.0
197,0xa30d8157911ef23c46c0eb71889efe6a648a41f7,1514605313,0xc2d36124ef743d19ea9ace7bb6bd3ab3165bf7db,0xf0d5b444ff0a6f537b6d49b3b51386339ed5a4757104ae3164cbf96b16572767,20.0
198,0x3f5ce5fbfe3e9af3971dd833d26ba9b5c936f0be,1514605449,0xc2d36124ef743d19ea9ace7bb6bd3ab3165bf7db,0xf9d60808bbfcb15787b841b9b3fe899d90938447e57e2b5d3310559436e42cd6,10.0
199,0x6f4d027a2335866e4bf7979e7a3e5bf75495906e,1514605511,0x4544451c39b3ca161ec5662e12a97aeec4ab753c,0x3b50b664c3e10f0f95835ee54b6460e69f490f9e5320b0229960de8672f453c5,25.796999999999997
200,0x8a6eebcdc30c130cef9942e7eeed4fe9d0ad7842,1514605676,0xc2d36124ef743d19ea9ace7bb6bd3ab3165bf7db,0xf416a550aba80d2f7523f28b82316aa1146bddfaae858e8b845d50352958fca1,2.0
201,0xef517405e064ede4e7c723e50b58f64da1f6294d,1514605901,0xc2d36124ef743d19ea9ace7bb6bd3ab3165bf7db,0x0a0ceae8445ba4555e6499522c79c1c180fccb3000d8f00eff34d2b62a181735,2.0
202,0xd4acbcf81ae989dbefb7c208fec5eb17e4703b22,1514606095,0xc2d36124ef743d19ea9ace7bb6bd3ab3165bf7db,0x2006e53d8b7d0451247be5db0912d2d44cd2115d49a3e23b0121e27ed0fb0b1b,1.0
203,0xc2d36124ef743d19ea9ace7bb6bd3ab3165bf7db,1514606261,0x3c5aac9f7a8d5a8bfb0f8b0f56af191e8273586d,0x7fce23ec54b039739ae19bb6a869d7fd11160735ad9c83253a04e04ceab06cf4,40.0
204,0x4544451c39b3ca161ec5662e12a97aeec4ab753c,1514606290,0x7adcd8529923e6fbf3651311eb4b39a99489755e,0x04b79f711db5fae3ba79107ac26ab4360eb556db1cb399cc8de7ed0b9199f984,63.0
205,0x38c05b756eccbd6c54b4b3035a17a8152830ab0d,1514606355,0xc2d36124ef743d19ea9ace7bb6bd3ab3165bf7db,0xa0caaf376ad2cd6d54ed9df10cf878cc7c08e83e76d0c91ab88ed0cd9bcfb4d3,5.0
206,0xb039df879f41487396c6ef973272ed4db4c88c90,1514606629,0xc2d36124ef743d19ea9ace7bb6bd3ab3165bf7db,0x7cd69ba44fa4cb1f1b44cc28d97792489418e4c609d9127fdcac0e6c15c06176,50.0
207,0xdd8f25e9bd2e8440cf03e795f3eb4f1a3f7a5879,1514607043,0xc2d36124ef743d19ea9ace7bb6bd3ab3165bf7db,0x0e3c5979e8abb26d2a0ac0d8e46d40d85294ed25a72be30a885e1fd24fcaa19e,2.0
208,0x80fc26dd3f108c24a6f5ae316c9726cff35798db,1514607592,0x4544451c39b3ca161ec5662e12a97aeec4ab753c,0x414e9bda95ee5919bd411d3354ed09bcae57f8b8cf17b56d8aed5c74fc1c989e,4.99
209,0xe2addf8a1358e46f9f72e8d94b9878cb35acf337,1514607785,0xc2d36124ef743d19ea9ace7bb6bd3ab3165bf7db,0x6bd67363e5ca33b6d79cbe63d25a0f131a63be2ed43de550754cd8b9ad108acd,39.0
210,0xc2d36124ef743d19ea9ace7bb6bd3ab3165bf7db,1514607915,0xd4acbcf81ae989dbefb7c208fec5eb17e4703b22,0xa63845afbaf5726d2a51f193442c51e20aea70c0f13faab9bc78c77e3b24c41f,1.0
211,0x281f9fd6d8dfa9a73539c98030d5071c04ab62c1,1514608017,0xc2d36124ef743d19ea9ace7bb6bd3ab3165bf7db,0x7dc2de4ac43f71e14a9c0a5698e7216bebdc0f0ee616b04df8c5fe8c4760645c,5.0
212,0x80fc26dd3f108c24a6f5ae316c9726cff35798db,1514608083,0x4544451c39b3ca161ec5662e12a97aeec4ab753c,0x9d962d1599d1a09abacbc9a915676efd171137c4d769d10d69e6781c87cd4753,4.99
213,0xa30d8157911ef23c46c0eb71889efe6a648a41f7,1514608097,0xc2d36124ef743d19ea9ace7bb6bd3ab3165bf7db,0x8703a2ef74bcfafe6389d6341ec3f7bb83c5fd1b7606561d155b867cd5f74150,6.0
214,0xe1ed7bac911b931021b30a392937d76827f45177,1514608208,0xc2d36124ef743d19ea9ace7bb6bd3ab3165bf7db,0x48ed08354951746a81dfba2f38975da4628ded3a9a7c5251cad2cc4961c3c378,10.0
215,0x7931ff60ddd7c3a00a916046c0c09c028008c6ac,1514608423,0xc2d36124ef743d19ea9ace7bb6bd3ab3165bf7db,0x0967a16704865120bb21ef40237f20f41dff56ab2fbedfffa5098d1f4591d9d8,100.0
216,0x05ee546c1a62f90d7acbffd6d846c9c54c7cf94c,1514608520,0xc2d36124ef743d19ea9ace7bb6bd3ab3165bf7db,0x636b23aede1fafc612a5ad4309a80c968cdbde6a188ac70550894e33496de60c,4.987
217,0xa1f284c4b1df9e81792703612dbe2a82f403ed04,1514608842,0xc2d36124ef743d19ea9ace7bb6bd3ab3165bf7db,0x8fc944b59dfc59647e97689fdb37c25513779f7ec9fb23d970d3d196ae73818c,10.0
218,0x77daf5a9ff6ca6ff91598e85702de5647859fde8,1514608842,0xc2d36124ef743d19ea9ace7bb6bd3ab3165bf7db,0xf37a617eeede34da9c97d406ece4701cfe83cebe776af46407c3f8ffb929e7c3,37.01
219,0x462fb6aaaa1cd4402826c278cc4a50668db55ee1,1514608879,0x4544451c39b3ca161ec5662e12a97aeec4ab753c,0x6797455e980f01efc1c0d64305938f1ff1579ffcdf7064d23bad7920f3603a48,5.0
220,0x8a7f72cf1a761893a56349d40718295be42c6cae,1514608908,0xc2d36124ef743d19ea9ace7bb6bd3ab3165bf7db,0xb6cc9f1b39b6dcfe1a97e2df05548549cf0e44c658e573b7b73cf19097b9979d,10.0
221,0x3c5aac9f7a8d5a8bfb0f8b0f56af191e8273586d,1514608916,0xc2d36124ef743d19ea9ace7bb6bd3ab3165bf7db,0xe2b5bb0578876a6d1f6d2f21a22c20c9191cf0a02e2bc3f3b768727ad57d8c64,100.0
222,0xc2d36124ef743d19ea9ace7bb6bd3ab3165bf7db,1514609729,0xa03e17f1609ecf17871e56aac11447719b6aa86b,0x541f2c7981a0fd1eb885c19f58ce3b03968a7a891d11300612f08fce2dffec59,12.0
223,0x3c5aac9f7a8d5a8bfb0f8b0f56af191e8273586d,1514611613,0xc2d36124ef743d19ea9ace7bb6bd3ab3165bf7db,0x31c7654b654ad2738eae8770a24a418490885883e8f78165e534115bec297a10,0.03
224,0x6f4d027a2335866e4bf7979e7a3e5bf75495906e,1514611813,0xc2d36124ef743d19ea9ace7bb6bd3ab3165bf7db,0x6ad7832a9921abd403889851e5d7e09368cce25f1e26892baa3774699f424aff,6.0
225,0x36f7edd7a954f1d4d1b5170c9fcd9d9a85a12324,1514612299,0xc2d36124ef743d19ea9ace7bb6bd3ab3165bf7db,0xc28a4248fc95852054e70a53dd028ee118c9e058ae660a2f9dc87e37d9899a5e,25.0
226,0xc2d36124ef743d19ea9ace7bb6bd3ab3165bf7db,1514612659,0x2d8aa8e3722ef767261ef12b19d012d29a4b25ee,0xf8a2c8911f540d013c17e626519fbe30049af1353534e90ca37e300acd836a4e,777.0
227,0x6f4d027a2335866e4bf7979e7a3e5bf75495906e,1514612725,0xc2d36124ef743d19ea9ace7bb6bd3ab3165bf7db,0xd0ebdd4c2d8df04fdfdb9122c267dd6cd0d9d79aee1905167537ae72f5525ce8,2.0
228,0xe2addf8a1358e46f9f72e8d94b9878cb35acf337,1514613448,0xc2d36124ef743d19ea9ace7bb6bd3ab3165bf7db,0x4bdc190891ebfde0ab58071792f05222f771fc151eb840cf56006062eb1d85d9,11.0
229,0xc2d36124ef743d19ea9ace7bb6bd3ab3165bf7db,1514613678,0x2d8aa8e3722ef767261ef12b19d012d29a4b25ee,0x45554c78aa1ec47b62b47c0744e11734874c90f28b0467dd880219498677d175,13.0
230,0x30a3f7b687b709e40cde215256462b86205b6dde,1514615409,0xc2d36124ef743d19ea9ace7bb6bd3ab3165bf7db,0xfe844d73db32ca6a204e1237f1254ce757cfa09a281883a77c0e3482d893565a,7.0
231,0x30a3f7b687b709e40cde215256462b86205b6dde,1514615942,0xc2d36124ef743d19ea9ace7bb6bd3ab3165bf7db,0x0b56a12122902ff276f3b42470d1c00318535a1ed56b669ac107589a5da43237,1.0
232,0x90e9ddd9d8d5ae4e3763d0cf856c97594dea7325,1514616593,0xc2d36124ef743d19ea9ace7bb6bd3ab3165bf7db,0x1de8e9533f4d2f3a32dfc71e21bbdcd1bfff63f775013c508f9444ac088dc966,3.0
233,0x09cc7db7655304df307590c98f0d82e36f43f058,1514616691,0xc2d36124ef743d19ea9ace7bb6bd3ab3165bf7db,0x8d2b7d564a8056915a0424f2204e559830c71420104f6fd9a9e8990ed1a337f0,10.0
234,0x3f5ce5fbfe3e9af3971dd833d26ba9b5c936f0be,1514616760,0xc2d36124ef743d19ea9ace7bb6bd3ab3165bf7db,0xf96f75e002449cfa144e000e7166e60fbd493b6b0ac9bb7af22bb4eedf94f59c,2.99086653
235,0x3f5ce5fbfe3e9af3971dd833d26ba9b5c936f0be,1514617200,0xc2d36124ef743d19ea9ace7bb6bd3ab3165bf7db,0x1607d8d38ecc16a54e5c97438891566aa05d15c62806184ff319206a087d5cee,20.0
236,0xc2d36124ef743d19ea9ace7bb6bd3ab3165bf7db,1514617489,0x2d8aa8e3722ef767261ef12b19d012d29a4b25ee,0xffc9065be9b5b862d71850e0cbd4f77158c6c4f4bbc89884fce3180e3816b3dd,10.0
237,0xc2d36124ef743d19ea9ace7bb6bd3ab3165bf7db,1514617823,0x283a059b5456f1ac6fb6a2b4dac76bc5facb3d86,0xeca69199d8dd154cf4b3732f0e2d1deeff46e810c1b3b15ea35de913a5746a20,30.0
238,0x8741ae4d0ab5b8b323b8c1636905ba50db789f25,1514617831,0xc2d36124ef743d19ea9ace7bb6bd3ab3165bf7db,0xca3b0822f6bc2908fe6055e466f3655730701f72fe41306c1e866f65ed42ce3f,15.0
239,0x3f5ce5fbfe3e9af3971dd833d26ba9b5c936f0be,1514619033,0x4544451c39b3ca161ec5662e12a97aeec4ab753c,0x21557503e8f2136252c276e51f34d62cc183a246ecddbc9310b02dc073dedd9d,211.13118503
240,0x4ee1c38fa0b9e8ecca8b37e62435b3194134f7fb,1514619076,0xc2d36124ef743d19ea9ace7bb6bd3ab3165bf7db,0xf221a4b6663c4f70fb0538872b888e3ca1fe888aa35f654b5a83744b5c84fa55,29.0
241,0x4544451c39b3ca161ec5662e12a97aeec4ab753c,1514619168,0xc2d36124ef743d19ea9ace7bb6bd3ab3165bf7db,0x41acf4318c5a33de3f8ac9ee7794bc8fd963b93ac6f1c8006892937fa970789b,70.0
242,0x4ee1c38fa0b9e8ecca8b37e62435b3194134f7fb,1514619273,0xc2d36124ef743d19ea9ace7bb6bd3ab3165bf7db,0x6d24f6ec543a70894d702010bd7eb1d93eff3d8e19bada1edb9ba610b89f626a,3.0
243,0xca83fc54849e9a200b4401134b391e83b8d03acf,1514619809,0xc2d36124ef743d19ea9ace7bb6bd3ab3165bf7db,0xceef1885c738143d935bc0c8939a29e45f8276216450f49c383fbdfae71750ac,68.0
244,0x3f5ce5fbfe3e9af3971dd833d26ba9b5c936f0be,1514620273,0xc2d36124ef743d19ea9ace7bb6bd3ab3165bf7db,0x1b2f44d13fca24f939b9f8d1cc6bdfe270759c137603b84ba52e79cc1aae5e9d,1.99
245,0xdcec1ae32a159195fce9d4d011c8cb9ee709ebe5,1514620356,0xc2d36124ef743d19ea9ace7bb6bd3ab3165bf7db,0x54ce5f545a9137c95642c42e8b4e3ae0cdcd4137da11af576feabb75d9d56cee,1.0
246,0x283a059b5456f1ac6fb6a2b4dac76bc5facb3d86,1514620509,0xc2d36124ef743d19ea9ace7bb6bd3ab3165bf7db,0x33afdde40f930b25dd69ef2bd6e6592a29e8f60b745442deffe0096334ebc47d,7.02
247,0x4544451c39b3ca161ec5662e12a97aeec4ab753c,1514620509,0x8255f938d1873725228014ac32708d23add5b221,0x9395e16e00d81378a4d1f5bbb1ae0849d0ba31daf6ace7c8a7f79d3465c38f63,50.0
248,0x3c5aac9f7a8d5a8bfb0f8b0f56af191e8273586d,1514621305,0xc2d36124ef743d19ea9ace7bb6bd3ab3165bf7db,0x5cdc017ebb1b0abebdcb5eb6967dcfad804d3c110fcbee97683e17b6c725fce7,1.0
249,0xc2d36124ef743d19ea9ace7bb6bd3ab3165bf7db,1514621583,0x2d8aa8e3722ef767261ef12b19d012d29a4b25ee,0x296dfc0fac1d5b6ea19bb075967e7c3fabf31b8540be00b453f342b3d763a226,200.0
250,0xdcec1ae32a159195fce9d4d011c8cb9ee709ebe5,1514624542,0xc2d36124ef743d19ea9ace7bb6bd3ab3165bf7db,0x49df18fc9d2a611d5d5f59d5bf0e6d9971bf19015383c31dabe894888127ede2,7.0
251,0xc2d36124ef743d19ea9ace7bb6bd3ab3165bf7db,1514628055,0x3c5aac9f7a8d5a8bfb0f8b0f56af191e8273586d,0x95411ca08e10d5c87c6b227db2c38ad41ad9c36150aa0b5524ff94514e6d5e40,7.0
252,0x4544451c39b3ca161ec5662e12a97aeec4ab753c,1514630885,0x56508513a3aebcf258f7b0fea4bb7fc857c4a5e5,0xa981c9902c2d947dfad67c0afafe5615e96ab55c0642460e5fbbab2a0aa78bf5,45.0
253,0x4544451c39b3ca161ec5662e12a97aeec4ab753c,1514631392,0xfee53bdacc2615f243995cb50d19ebbbe10070b6,0xe6c7cb6bd33a17078881c96246c90535a6c2883cb769a4387f08fde2cce63f76,22.0
254,0x4544451c39b3ca161ec5662e12a97aeec4ab753c,1514631559,0xfee53bdacc2615f243995cb50d19ebbbe10070b6,0x37bbdd3028e6ddfcb541e4c3c9ed0fe5687398815bdf3a07a6af03f7b3837c51,26.0
255,0x4544451c39b3ca161ec5662e12a97aeec4ab753c,1514633455,0xfee53bdacc2615f243995cb50d19ebbbe10070b6,0x4712a1014a7beb91a85c3f0c6eefbe3a6f2ed7adea3148e605370747d0d6871d,13.0
256,0xdf2b269ba67b489f3c964796c31a34c1db8195fb,1514692652,0x4544451c39b3ca161ec5662e12a97aeec4ab753c,0x6e698648123efec38114cc418602b7be46cb01d0257b044892da61bc6be1bb59,5.0
257,0x4544451c39b3ca161ec5662e12a97aeec4ab753c,1514698266,0x02796219315e57b30b16be809ac8dfbbc75e3878,0x377cd88ac825da5b173500bdae6df015af24459c9e98ab0f837d0dac69af9109,4.5
258,0x3f5ce5fbfe3e9af3971dd833d26ba9b5c936f0be,1514704253,0x4544451c39b3ca161ec5662e12a97aeec4ab753c,0x879ee27c550b081844df4707a94c6d07a36ca7e41215b2a630b1ce6f3b75ef39,4.5
259,0x4544451c39b3ca161ec5662e12a97aeec4ab753c,1514735434,0xff98a08c143311719ca492e4b8c950c940f26872,0x7be61eaafd110b5d7e37a940af1af590dae12a94321b08ab54d70bf9177152fd,0.0
260,0x4544451c39b3ca161ec5662e12a97aeec4ab753c,1514735493,0xff98a08c143311719ca492e4b8c950c940f26872,0x7eef3fdc978fa67c1f27d30e9435ad715f167f5e3c171b85a364441ee488c427,0.0
261,0x4544451c39b3ca161ec5662e12a97aeec4ab753c,1514735573,0xff98a08c143311719ca492e4b8c950c940f26872,0x3a7ee4a73b2e77c653c159b8f90009ef398f625876ab7bf949fbbeb1ab991c8b,0.0
262,0x4544451c39b3ca161ec5662e12a97aeec4ab753c,1514736119,0xff98a08c143311719ca492e4b8c950c940f26872,0xcf79ef26d99c7fd43a80c1ee0fee58dfbef991807b6358ed79ec69a1288b7176,0.0
263,0x4544451c39b3ca161ec5662e12a97aeec4ab753c,1514736392,0xff98a08c143311719ca492e4b8c950c940f26872,0x162d2986dbd5d4ebd63af57f8c02b76990359f52ac61bf0296cba47095886ab8,0.0
264,0x16a6dde001c6a6b3bec4ea4b37d79fb4bf03c93e,1514773263,0x4544451c39b3ca161ec5662e12a97aeec4ab753c,0xf6f1baa19e8be0e9182787683642e8f96aa900b4e4d75660b072d2be520b3734,4.75
265,0x3f5ce5fbfe3e9af3971dd833d26ba9b5c936f0be,1514773760,0x4544451c39b3ca161ec5662e12a97aeec4ab753c,0x2f3a36db9243607e9a0ca68cb983a3280ad0f060855035c3329b8b2440f0aace,5.25
266,0x2b5634c42055806a59e9107ed44d43c426e58258,1514824816,0x4544451c39b3ca161ec5662e12a97aeec4ab753c,0x1646a5c0361f95bf5ba81b5feb0379c79b2ddefff9f2d2765b2289242b30c598,8.24
267,0x4544451c39b3ca161ec5662e12a97aeec4ab753c,1514826264,0x8b94a334e6e7878eae40fe61d9f2327dfe98efcf,0xcfba0583fd543d674e21f9e629040e56d2f4290d3129799f7bcbcb06db6ffcd8,10.0
268,0x3f5ce5fbfe3e9af3971dd833d26ba9b5c936f0be,1514856738,0x4544451c39b3ca161ec5662e12a97aeec4ab753c,0xa9526d3aa4f4a460c7bf2a78c5bed26ac1a03d4bc76289e39f690483a6ad10da,2.0
269,0x56508513a3aebcf258f7b0fea4bb7fc857c4a5e5,1514859098,0x4544451c39b3ca161ec5662e12a97aeec4ab753c,0x9c977559d818576921201d0b490b629714f12466d4afbb769adcb0c182f7b82a,17.99
270,0x56508513a3aebcf258f7b0fea4bb7fc857c4a5e5,1514859251,0x4544451c39b3ca161ec5662e12a97aeec4ab753c,0xc64263e27d820d15af3750c0089b36d4420b04ee4e33a5c2159328344c180c3a,4.0
271,0x74adb2bf390cad90c195d93bd93f656ab90c0435,1514865173,0x4544451c39b3ca161ec5662e12a97aeec4ab753c,0xf058326a7c0a73383bd7d9d97b97c5f7059d88f3e26e2adcab8cec4ced224202,4.98
272,0x4544451c39b3ca161ec5662e12a97aeec4ab753c,1514865219,0x0df1f2b5ddaa7946cb78dd1fa7109cb6a05e42f3,0x726a0bf2cc2c35053c4068e61397b1675dd1355e270c5fa85fcf1879353211c7,2.5
273,0x3f5ce5fbfe3e9af3971dd833d26ba9b5c936f0be,1514874355,0x4544451c39b3ca161ec5662e12a97aeec4ab753c,0xc2ce9f3adc065303824825aeb0dee73d8b4515e7b8ed3a212585081e252bbfcd,2.0
274,0x4544451c39b3ca161ec5662e12a97aeec4ab753c,1514878143,0x66186008c1050627f979d464eabb258860563dbe,0x0f84e62a5476c247e6323d02e871fc606e4ecbc1184d21c3f93abcb22e9b931c,0.0
275,0x3f5ce5fbfe3e9af3971dd833d26ba9b5c936f0be,1514879878,0x4544451c39b3ca161ec5662e12a97aeec4ab753c,0x6675dfedc131c737f69c6fc48637552f4abc8d9ccf5640f1b77d65b14173e7c9,17.0
276,0x4544451c39b3ca161ec5662e12a97aeec4ab753c,1514880516,0xc134270787a59100c4688d73de1bfdbc7cd25603,0xe591c9dfd1075f8e7da84e447df7a47c4d3d98ef39d7e6af2ca828ba8f03e678,58.0
277,0x05ee546c1a62f90d7acbffd6d846c9c54c7cf94c,1514883997,0x4544451c39b3ca161ec5662e12a97aeec4ab753c,0x39e4f0126c945c5990f37e9b8d40811e2e13e48e5c134ad23737bf55c4ce2386,56.997
278,0x3f5ce5fbfe3e9af3971dd833d26ba9b5c936f0be,1514885814,0x4544451c39b3ca161ec5662e12a97aeec4ab753c,0x7acecee9a951049eb3fa1924af8a35080cbc60fd94dee3fc6cac2ffd269d43e7,9.486041769999998
279,0x4544451c39b3ca161ec5662e12a97aeec4ab753c,1514886800,0xd524dfc33c7a1d4a941addbafd646ade2d161d16,0xa447bc67463d2dca3d8ff4de4fb7975058b6ef0ddc79687b300f358cdece48cf,5.0
280,0x75516784ecd1e10912b075b615c7471b0fa2b47c,1514888944,0x4544451c39b3ca161ec5662e12a97aeec4ab753c,0xc30f78b3bbdb7d0652e57bd95eaea5ce1f36d8fecf660c94fc0d49aa9ca8194e,11.995
281,0x4544451c39b3ca161ec5662e12a97aeec4ab753c,1514890204,0xc134270787a59100c4688d73de1bfdbc7cd25603,0x90884a0c7f70eea88985c00bb286039c46c269b11e7b1252d39518e1e2ca7c32,44.0
282,0x16a6dde001c6a6b3bec4ea4b37d79fb4bf03c93e,1514891147,0x4544451c39b3ca161ec5662e12a97aeec4ab753c,0x14ae4e433328ead5b65a046491a9011eba59ba7d119049c1ac610505a23811c5,0.52
283,0x4544451c39b3ca161ec5662e12a97aeec4ab753c,1514898531,0xc134270787a59100c4688d73de1bfdbc7cd25603,0x13193d37958fb3a3c7241e167697ba3e7e416594c0dc80aac1db04ab4356e6cc,30.0
284,0x3f5ce5fbfe3e9af3971dd833d26ba9b5c936f0be,1514904285,0x4544451c39b3ca161ec5662e12a97aeec4ab753c,0xd1163828f1564f87fe45eecec748845fc81f2391d7c2abfe18874087db8efc21,21.19
285,0x3f5ce5fbfe3e9af3971dd833d26ba9b5c936f0be,1514904521,0x4544451c39b3ca161ec5662e12a97aeec4ab753c,0x35025c53e2fea5b356278b51599d8cf992a2855c3930203f60b12af104f9a663,0.6
286,0x4544451c39b3ca161ec5662e12a97aeec4ab753c,1514904955,0xc134270787a59100c4688d73de1bfdbc7cd25603,0x646e5f44e4207923ba9559857427baed8ad48a1a2c7d4b38d539978689d2ca1b,22.0
287,0x4544451c39b3ca161ec5662e12a97aeec4ab753c,1514911357,0xb70835d7822ebb9426b56543e391846c107bd32c,0xe9e8e0196596bcdf341cc8c467cad521a409010bdb2125bd1af249fc34365c2c,0.0
288,0x4544451c39b3ca161ec5662e12a97aeec4ab753c,1514912255,0x66186008c1050627f979d464eabb258860563dbe,0xd6bd10b332e4e25a6407a555a3c3bc0bd752996b20edc70a828a64def514f44f,0.0
289,0xb47fd2d696e83500ea4c60057da4942e7104aae5,1514945640,0x4544451c39b3ca161ec5662e12a97aeec4ab753c,0x0b418c330abaffd0ca3ef176f2adbff78ce0daf3cf4131a4420bf21b509a9c0c,32.0
290,0x4544451c39b3ca161ec5662e12a97aeec4ab753c,1514949490,0x462fb6aaaa1cd4402826c278cc4a50668db55ee1,0xf7f0d4245d8aaac8bed2e8c549ec848497c99351bac6bd90438d99615add464e,2.5
291,0x4544451c39b3ca161ec5662e12a97aeec4ab753c,1514956911,0x840690bcae0257b9761e188a33b76d49d41e1c47,0x8665991441336fd0aa7923f8c4696d4ed1db0bc23815e39b86d172c64499456f,30.0
292,0x05ee546c1a62f90d7acbffd6d846c9c54c7cf94c,1514974102,0x4544451c39b3ca161ec5662e12a97aeec4ab753c,0x76e2476bfcceecb78f298ff6c026cada24c0f121544a949080a00b73e550eea3,28.156999999999996
293,0x4544451c39b3ca161ec5662e12a97aeec4ab753c,1514984435,0x77057b6231df721b66a6681c3cd41567045a9558,0xd008fa3a1401e2549af9f0a58c8adc5e4f77d17218cb42841124c752d5297e2c,10.0
294,0x4544451c39b3ca161ec5662e12a97aeec4ab753c,1514984553,0xa1d0d2cf2a877f798779aa9a173983cff62d89e2,0x703584012b81993c17277aff15b5890929274a3fa449ac0721b7dba5704fff58,5.0
295,0x3f5ce5fbfe3e9af3971dd833d26ba9b5c936f0be,1514987353,0x4544451c39b3ca161ec5662e12a97aeec4ab753c,0x6483766e34b4d34d33f444f2dfb7b1f9f85223ba292877e8a64803c6b2d83e86,4.99
296,0xd75682234ea7676b9ce7d9a11ff4a0a4d23a8ddc,1515032712,0x4544451c39b3ca161ec5662e12a97aeec4ab753c,0x22cabbe9ebf19806f1b27788180bc5789465460da3072307ce7fa6128349bdc4,10.0
297,0xd75682234ea7676b9ce7d9a11ff4a0a4d23a8ddc,1515044824,0x4544451c39b3ca161ec5662e12a97aeec4ab753c,0x23852e3d509d1babc8e456540c5dc76f5a92855b528fb67cda68b53b84f02273,15.0
298,0x3f5ce5fbfe3e9af3971dd833d26ba9b5c936f0be,1515046388,0x4544451c39b3ca161ec5662e12a97aeec4ab753c,0x1cb2bbb1ec9d6fd2987357fd3f47d1e25fd3ec83f903ff9e18aa769b38f0b3d7,30.0
299,0x4544451c39b3ca161ec5662e12a97aeec4ab753c,1515051033,0xe05806a2e53086ec53409308e6118f3a34ccb560,0xa2729092eb857ce8529b1b58c7d1ac2cdd046203fa886c73b81097aa2e96682e,20.0
300,0x4544451c39b3ca161ec5662e12a97aeec4ab753c,1515051306,0x2f2c250fad753d0a858e1de4b78cbf2c2da23de9,0xac979ba02d77454c21ede826a472aed826a1b53b57075bd99b1731830a0b2621,1.0
301,0x4544451c39b3ca161ec5662e12a97aeec4ab753c,1515051390,0x79c51dddc383ddd515ae5ee469096797e0fa5afb,0xbe83d96ffb6876a76b6f4552d809f2a41b60e1e1813fbccbe8116fc06008818e,30.0
302,0x4544451c39b3ca161ec5662e12a97aeec4ab753c,1515052237,0xe05806a2e53086ec53409308e6118f3a34ccb560,0xa225b73596319722eebc10544f502f31c87355a29b2fe5ccefa860666575db29,12.0
303,0x236f9f97e0e62388479bf9e5ba4889e46b0273c3,1515053424,0x4544451c39b3ca161ec5662e12a97aeec4ab753c,0xf66aec889874833fbe78687c1b9ab92983daab7e493ab9d71eed64ba7d9e1a00,2.99
304,0x74adb2bf390cad90c195d93bd93f656ab90c0435,1515053442,0x4544451c39b3ca161ec5662e12a97aeec4ab753c,0x5f8bb4b231527710e39fab5e4f65d5ec4974bc3f6dfa1d726bd8dd670e4ac598,2.0
305,0x3f5ce5fbfe3e9af3971dd833d26ba9b5c936f0be,1515054743,0x4544451c39b3ca161ec5662e12a97aeec4ab753c,0x72f244f930a320e8a0157724e43c5054e51cce82ae1735b4642eabdf38203ffb,243.60236607
306,0x4544451c39b3ca161ec5662e12a97aeec4ab753c,1515055802,0xd0f33da5371db8f4744323111b86899d711b475a,0x28bd122055e0371f1ebf8d165ff026a0bf4c5e86c25587f50156c17f7b0466f7,3.0
307,0x4544451c39b3ca161ec5662e12a97aeec4ab753c,1515055946,0x6428df8a004058fdd9b4fa55c5b8a9896319b046,0xbebb75e4c0c9aca8ad51bdfb00daf29f6d869303e46a1f8e09aae09dcd33ed73,16.0
308,0x4544451c39b3ca161ec5662e12a97aeec4ab753c,1515058350,0x731b30f6e0bfb068b30f2280c5a03fe7949e2673,0x1822fead00939c7affa24910876b9d8843f69c7d652c63444358a3193f36ae8c,10.0
309,0x4544451c39b3ca161ec5662e12a97aeec4ab753c,1515058853,0xd8097d8fb2d867c5a892fa41cf7ca0328a650d21,0x9a0bd635ff6a83d4cb0ff672f7a065c53f0ca57b2c14fcde8ccf62ae8053f576,20.0
310,0x4544451c39b3ca161ec5662e12a97aeec4ab753c,1515059097,0xd8097d8fb2d867c5a892fa41cf7ca0328a650d21,0xf968bfa4bea7d4696be0b273c7f7e7745b7210349fcb23123de12f5c01cccdb3,30.0
311,0xdcec1ae32a159195fce9d4d011c8cb9ee709ebe5,1515064914,0xc2d36124ef743d19ea9ace7bb6bd3ab3165bf7db,0x1644ab52f9a1041c07d68a21cde0c504e2084ae03da0dc0dc590e36e52f08ee7,10.0
312,0xd8097d8fb2d867c5a892fa41cf7ca0328a650d21,1515065712,0x4544451c39b3ca161ec5662e12a97aeec4ab753c,0xab84cfc8cad92937b1e45ea64181f07af68b50dfe281f18a5b795620df4ecd81,49.99
313,0x0ae55992eee2a71efaabc20c45c913d257db0b06,1515066073,0x4544451c39b3ca161ec5662e12a97aeec4ab753c,0x475ef7c33f50441349a3841578d1bf44198b8a4ba9dc35d329f1a6c866b95ab7,8.0
314,0x4544451c39b3ca161ec5662e12a97aeec4ab753c,1515067892,0xc134270787a59100c4688d73de1bfdbc7cd25603,0xb2e894253ab54af05c8d40137d3a93eca7c2f346b52ff8fdb73a2870e8bc901e,100.0
315,0x4544451c39b3ca161ec5662e12a97aeec4ab753c,1515068485,0xd0f33da5371db8f4744323111b86899d711b475a,0xe3cbac2c072ae6654ef6c8743de3bd5a9eeda6be19c87bc32f000b8a8bdeaac5,10.0
316,0x4544451c39b3ca161ec5662e12a97aeec4ab753c,1515070593,0xfd3d6458a3c43939e748f8f3ccdb46c499794a2c,0x2e642f362a00707026114c4ce88424b12358c5049173b5906749bbc6739aa8f8,10.0
317,0x4544451c39b3ca161ec5662e12a97aeec4ab753c,1515070738,0xfd3d6458a3c43939e748f8f3ccdb46c499794a2c,0xa66c8dd6d05cba6d9c842ac77ac7f2ae0ecda4a48e1338e042dd647c88fcd0a2,10.0
318,0x4544451c39b3ca161ec5662e12a97aeec4ab753c,1515071361,0x155601043d611840443d2cbc269269912c27d2e2,0x65f6f4e5196cb392b129a36717295ba4c73fb6626380c1d57f01519216107902,107.0
319,0xc2d36124ef743d19ea9ace7bb6bd3ab3165bf7db,1515096289,0xcd28190d6aaa65c2052791b2d8f68fc77e666f0d,0x6bd67a69590f936275636116003d6c5c2db66e4309447498b7b42eaad765e51e,10.01
320,0x3f5ce5fbfe3e9af3971dd833d26ba9b5c936f0be,1515102703,0x4544451c39b3ca161ec5662e12a97aeec4ab753c,0x52703fd304e6d1bbab6d9bbd716c3c9bf7d359a43bd671ac80d20017a21ac167,129.03932147
321,0x4544451c39b3ca161ec5662e12a97aeec4ab753c,1515110472,0xb1ab2a2918009832d1f531d7951f886c28c0c328,0x6eb4b8da263a554fd5034feea0564b3300f20bafd7d129650e147144dd688a0a,10.0
322,0x4544451c39b3ca161ec5662e12a97aeec4ab753c,1515114554,0x79c51dddc383ddd515ae5ee469096797e0fa5afb,0x65b2d8978657757b9609f6161a0abe9174407aae90566845f08d3d6d6e293abd,50.0
323,0x4544451c39b3ca161ec5662e12a97aeec4ab753c,1515117025,0x79c51dddc383ddd515ae5ee469096797e0fa5afb,0x0d864f57eb6fb2a3e0b5f28b90d2c711cc13745fa548d78c94c471378aeecf6d,65.0
324,0x4544451c39b3ca161ec5662e12a97aeec4ab753c,1515118958,0xfd3d6458a3c43939e748f8f3ccdb46c499794a2c,0xf424598562c9b6008cb9bb59f865ae48d69462206eace23d6d53e6b3928bc795,4.0
325,0x6e2b7107d9b40d2fa6fc5979ec66d16d6467ab42,1515121205,0xc2d36124ef743d19ea9ace7bb6bd3ab3165bf7db,0xa6c2d7f9000a89a29fd632ee6345ee5d7ab065b5961eb8799f88a4687993177d,20.0
326,0x3d64facacd587aec0ca28f06db62a85551bd7524,1515123401,0xc2d36124ef743d19ea9ace7bb6bd3ab3165bf7db,0xa64edeafafa7835f9f0e107c2badb8ca3c327818edac46152e9745163f3ca51b,2.0
327,0x48b52556b2668066a209aa2cb2438dac641461ea,1515126665,0xc2d36124ef743d19ea9ace7bb6bd3ab3165bf7db,0xa18218042eef4883a2dff6ac505958e23ff81df3061457c5107b5788f2f4f639,14.0
328,0xbc87aded14243681622590c4138cf0454e7b3050,1515127797,0xc2d36124ef743d19ea9ace7bb6bd3ab3165bf7db,0xa24b2c772ed0da152d1155549e34ff3d8ac06493c792b74b9520a49c15ab81ea,2.0
329,0x3f5ce5fbfe3e9af3971dd833d26ba9b5c936f0be,1515129538,0x4544451c39b3ca161ec5662e12a97aeec4ab753c,0x77639ba74ecba98f379aaffe1271faee3dfa50cacc3b530559d3f2586cd1ee02,20.0
330,0x4544451c39b3ca161ec5662e12a97aeec4ab753c,1515130007,0xfd3d6458a3c43939e748f8f3ccdb46c499794a2c,0xd509b4dca972daee28b728280cf6a07ed4ff55c1e5de9d507fdcfbf93e1cd504,20.0
331,0xa37552588158c42d50a6ebabda09eb11a3c9250d,1515131326,0xc2d36124ef743d19ea9ace7bb6bd3ab3165bf7db,0xeaf308193b45cd4f0fdf2158eb1244b1284ac06a627277b0d76bf59e5d77f879,4.001
332,0x09cc7db7655304df307590c98f0d82e36f43f058,1515131920,0xc2d36124ef743d19ea9ace7bb6bd3ab3165bf7db,0x7fc6be5b0a775cfe5a171e106c053597620db08237be4be05e19ff03fc20b732,70.0
333,0x8a7f72cf1a761893a56349d40718295be42c6cae,1515137246,0xc2d36124ef743d19ea9ace7bb6bd3ab3165bf7db,0xb683f3aca1c9d9ed8b06e65bcd7a2a50b4b657e0bd6b51d1788d577a5a3fe07a,5.0005
334,0x6fc936c99864245076166f67180d075618908a8e,1515148639,0xc2d36124ef743d19ea9ace7bb6bd3ab3165bf7db,0xc332be8ebe2bbb454e6dbb9c24246ea6387bdc827454b917ae56aec3be5ac268,5.0
335,0x4544451c39b3ca161ec5662e12a97aeec4ab753c,1515151665,0x4f878c0852722b0976a955d68b376e4cd4ae99e5,0x047e96e45ab2a65a4129e64a42a2a80c3bc1e12ac380a8eb109d536e1fc6fff4,0.0
336,0x6f4d027a2335866e4bf7979e7a3e5bf75495906e,1515161886,0x4544451c39b3ca161ec5662e12a97aeec4ab753c,0xa143397984ab84f446bb38d7d95dd510c60f90e6560e42c2dc7106d53cc985b6,1.969
337,0x7b74c19124a9ca92c6141a2ed5f92130fc2791f2,1515165582,0x4544451c39b3ca161ec5662e12a97aeec4ab753c,0x6ece85a8b66822e0b10a71f2ce9d163535cea14261fa8a743cb56c0fe1cc9510,5.115563
338,0x4544451c39b3ca161ec5662e12a97aeec4ab753c,1515166386,0x6a36492fd141fe6d631b7f1d9d37943583d752eb,0x1f87ec06ed072ff807dd93e6adf7951d5a7990fa550f9988d39f24f55e75ba06,5.25
339,0x6f4d027a2335866e4bf7979e7a3e5bf75495906e,1515214376,0xc2d36124ef743d19ea9ace7bb6bd3ab3165bf7db,0xf2bd5eb884cea1f1fa5770121f6da9a78c94d04c2dc76a63934b4d16befd3b30,2.00033
340,0x3f5ce5fbfe3e9af3971dd833d26ba9b5c936f0be,1515249084,0x4544451c39b3ca161ec5662e12a97aeec4ab753c,0xdffe7d4a8cb93400f5091d527a5daf0ca5d9f2cebf1b0a37f702efa54d0d3b67,95.49380388
341,0x4544451c39b3ca161ec5662e12a97aeec4ab753c,1515250070,0x1e3a6c35359d210f7542831f4b94808c9b5bee37,0x6ba2e82e1c06fc45fb9e89427aecad070b3f39fa5c5854453b1b2ac4c14bb2b5,20.0
342,0x1e3a6c35359d210f7542831f4b94808c9b5bee37,1515250951,0x4544451c39b3ca161ec5662e12a97aeec4ab753c,0x86ce87ab6928c80fdbf453cef687a101d94c67c5e462e5195aab8ad866b1b897,20.0
343,0x4544451c39b3ca161ec5662e12a97aeec4ab753c,1515252945,0xd0f33da5371db8f4744323111b86899d711b475a,0x3046df0bf06aa6dd2ef5250104f762af503d5175d341badb0c10454c0ff321e9,14.0
344,0x4544451c39b3ca161ec5662e12a97aeec4ab753c,1515254904,0x79c51dddc383ddd515ae5ee469096797e0fa5afb,0xaa61884e44619fa94bdb7ca9a62c5b22ec304581885fb0255d39968a4b324f5d,20.0
345,0x4544451c39b3ca161ec5662e12a97aeec4ab753c,1515255346,0x79c51dddc383ddd515ae5ee469096797e0fa5afb,0x3595806ad27a67258c16ae59cabffc67580130871142bf4ab5b6e01e65b080c2,30.0
346,0x4544451c39b3ca161ec5662e12a97aeec4ab753c,1515255569,0x79c51dddc383ddd515ae5ee469096797e0fa5afb,0x999b847c76ab660670dc33f3cb1b0b2e7af719b75ef405de7bebd8c4a449a7b1,20.0
347,0x4544451c39b3ca161ec5662e12a97aeec4ab753c,1515256115,0x79c51dddc383ddd515ae5ee469096797e0fa5afb,0xee4eea1d26d3cde9b86f0f9adfb40fc4bfe8b76f8b6587452dfb4af99b853d34,14.0
348,0x887cb7cb18c3366a5b5b50f921eb9eb4b7cdfefc,1515258553,0xc2d36124ef743d19ea9ace7bb6bd3ab3165bf7db,0xdb333a4d21de4d95db8ad89c20d618dfdf4fca16a59ff0c77626ee9176298af0,2.0
349,0x4544451c39b3ca161ec5662e12a97aeec4ab753c,1515258582,0xf70a642bd387f94380ffb90451c2c81d4eb82cbc,0x0915f04121c038067eaf12e3ee73041c99c42616f3ed6a188de696aa471ff6cf,0.0
350,0xdd8f25e9bd2e8440cf03e795f3eb4f1a3f7a5879,1515262858,0xc2d36124ef743d19ea9ace7bb6bd3ab3165bf7db,0x4d625d8e0dddb03d40b0469b62469e565615b88788a9368f50716bb07829e182,1.0
351,0x82e2e65d661e1c7fa27f88a428a274b94e82febc,1515275336,0xc2d36124ef743d19ea9ace7bb6bd3ab3165bf7db,0x6129d08fbd1f66a36ed352dbcdd9455c1363ce9f81ab362d7666dd19919dcaf6,5.0003
352,0x3f5ce5fbfe3e9af3971dd833d26ba9b5c936f0be,1515281600,0xc2d36124ef743d19ea9ace7bb6bd3ab3165bf7db,0xff827a2116a538b28d0c71435fca920e290504a4d7421ecc8a86569760216b8c,5.0
353,0xa03e17f1609ecf17871e56aac11447719b6aa86b,1515283007,0xc2d36124ef743d19ea9ace7bb6bd3ab3165bf7db,0xf33d0bf32bd7370d47cd6672caae7d5dc9cf29897ad18126071d3177e24969a4,15.0
354,0x4544451c39b3ca161ec5662e12a97aeec4ab753c,1515284792,0xff98a08c143311719ca492e4b8c950c940f26872,0x5c4d1455ebe38633e4c8b96b42b74f12b21533d158688c0f7054d1858e73a319,0.0
355,0x77daf5a9ff6ca6ff91598e85702de5647859fde8,1515287735,0xc2d36124ef743d19ea9ace7bb6bd3ab3165bf7db,0x1c21313765febbd23670c9d101459155bf2a2602cbd24d2b6d1989f28822cf5e,33.008
356,0x05ee546c1a62f90d7acbffd6d846c9c54c7cf94c,1515290891,0xc2d36124ef743d19ea9ace7bb6bd3ab3165bf7db,0x085348b45f8bc85519e77fdb4ebb7a2aea622d94e86dc35b525baa92e11c6b61,2.0
357,0x4544451c39b3ca161ec5662e12a97aeec4ab753c,1515292521,0x45245bc59219eeaaf6cd3f382e078a461ff9de7b,0x3b2d4b730951703448513d6c85e4debc6e9f5548946be1bec1d5d48106f14405,0.0
358,0x4544451c39b3ca161ec5662e12a97aeec4ab753c,1515293436,0x45245bc59219eeaaf6cd3f382e078a461ff9de7b,0xffe2dedb84f5dd2f7548da0ede3b230f536c7154a096857a030db9ceb51c507e,0.0
359,0x3c5aac9f7a8d5a8bfb0f8b0f56af191e8273586d,1515300351,0xc2d36124ef743d19ea9ace7bb6bd3ab3165bf7db,0x22127337167c1b68eaab295f50773ef09318a3c4674b02d40d34a8212ea80857,10.0
360,0x236f9f97e0e62388479bf9e5ba4889e46b0273c3,1515306322,0xc2d36124ef743d19ea9ace7bb6bd3ab3165bf7db,0xf5e4636ddf2669ec06b6907925c05b67aa676d4b58fb2e4a5f7186d4d8add5b5,2.0
361,0x05ee546c1a62f90d7acbffd6d846c9c54c7cf94c,1515308691,0xc2d36124ef743d19ea9ace7bb6bd3ab3165bf7db,0x55a6672e9c8f68b7586b08c3c0a85ed096245a7df69ca2707a647bff54a5c6b0,1.9971
362,0xc2d36124ef743d19ea9ace7bb6bd3ab3165bf7db,1515312838,0x45d8bae872fe698f84ee413a0436d34a883479d7,0x20e9da454add3d44a46aff28a07a01cff7218d6935561fa6ee8db4f1f71f6995,200.0
363,0x7087975e4d6d916ec9321efed2b2bd9916dca585,1515314794,0xc2d36124ef743d19ea9ace7bb6bd3ab3165bf7db,0x4f245d134e9565f82c9555a6b1e728223a67e1fd9f69857eb3da3eab5b1c4a79,0.6
364,0x7b74c19124a9ca92c6141a2ed5f92130fc2791f2,1515326350,0x4544451c39b3ca161ec5662e12a97aeec4ab753c,0x55bc49c9290b1a1dd68bd5f2f4ef700e23e56d43fdef38bea2e9454237249d2f,27.8
365,0x2b5634c42055806a59e9107ed44d43c426e58258,1515330265,0x4544451c39b3ca161ec5662e12a97aeec4ab753c,0x0c3fe5709f15e9a85ec9f6ae1c5ba5f15d490947f19c306febb3d64e76c9e262,16.6777
366,0xc2d36124ef743d19ea9ace7bb6bd3ab3165bf7db,1515339333,0x13f25cd52b21650caa8225c9942337d914c9b030,0xcd83ead3fbff6702b6591991fb1c9bfe3a9a19b60ffb9583e1eb9d2f43bcac76,0.0
367,0xc2d36124ef743d19ea9ace7bb6bd3ab3165bf7db,1515339840,0x13f25cd52b21650caa8225c9942337d914c9b030,0x21386d8949ab5331ae915c8a4625258a30ac5307840af84e2d0be745d1a66b82,0.0
368,0xc2d36124ef743d19ea9ace7bb6bd3ab3165bf7db,1515340824,0x13f25cd52b21650caa8225c9942337d914c9b030,0x6c288cdf509012a3810f1c50dccfd964f27bab2878d2c7e4c12fbdc5f4392467,0.0
369,0xc2d36124ef743d19ea9ace7bb6bd3ab3165bf7db,1515341087,0x13f25cd52b21650caa8225c9942337d914c9b030,0xb094d4877877d8205d0c7254d266e9b0f2ba671fbb159da919931de2c050c907,0.0
370,0xc2d36124ef743d19ea9ace7bb6bd3ab3165bf7db,1515341237,0x13f25cd52b21650caa8225c9942337d914c9b030,0x436a08fce1876ea7e905340dca94106346aedcd6c6d955d2998506f7726c4005,0.0
371,0xc2d36124ef743d19ea9ace7bb6bd3ab3165bf7db,1515341813,0x13f25cd52b21650caa8225c9942337d914c9b030,0x4f7aa7ff3a02029c729e3254651904e167dd0120d4d0c7fcb94075c06de901b0,0.0
372,0xc2d36124ef743d19ea9ace7bb6bd3ab3165bf7db,1515341944,0x13f25cd52b21650caa8225c9942337d914c9b030,0xaa2cf93441d94493288f1ff37c73661765dd8a5edbf902bb2751d60d4fcbe4e3,0.0
373,0x4544451c39b3ca161ec5662e12a97aeec4ab753c,1515342031,0x13f25cd52b21650caa8225c9942337d914c9b030,0x5574b03a271b134aebefebd8af84c5085d98d193b50aae2b88fbabda7e006279,0.0
374,0xc2d36124ef743d19ea9ace7bb6bd3ab3165bf7db,1515342346,0x13f25cd52b21650caa8225c9942337d914c9b030,0x37a7f8e52361cdcf93dfa549f61ce9e37bd06ae812e5c5359293c28afc3aa446,0.0
375,0xc2d36124ef743d19ea9ace7bb6bd3ab3165bf7db,1515342613,0x13f25cd52b21650caa8225c9942337d914c9b030,0x1b8e2189b2e55dce17e9614e237439c41cf0e150799705eb25426a1dfbc556bf,0.0
376,0xc2d36124ef743d19ea9ace7bb6bd3ab3165bf7db,1515343098,0x13f25cd52b21650caa8225c9942337d914c9b030,0xa89dc99b72b710182a0c4c01013fe4c2b2ddb3be2e43c9fd6ae33fcc07a99813,0.0
377,0xc2d36124ef743d19ea9ace7bb6bd3ab3165bf7db,1515343522,0x13f25cd52b21650caa8225c9942337d914c9b030,0x5d7156f53a780ac392bef18e7cc8601595671f1b5df63d78a52bc7f430d038a5,0.0
378,0xc2d36124ef743d19ea9ace7bb6bd3ab3165bf7db,1515343608,0x13f25cd52b21650caa8225c9942337d914c9b030,0x49058c28ce557b38884f58c5ff0545db8a858689972c0d26fa497715221654f9,0.0
379,0xc2d36124ef743d19ea9ace7bb6bd3ab3165bf7db,1515344100,0x13f25cd52b21650caa8225c9942337d914c9b030,0xc25eefc2b80f520e7e32aef89e61bc5bf0c018c8cb71ff5840d13765d530be2f,0.0
380,0xc2d36124ef743d19ea9ace7bb6bd3ab3165bf7db,1515344328,0x13f25cd52b21650caa8225c9942337d914c9b030,0x926b486f645b2ce0e37ac20b3edce40f5ef584d654b34e20880e8d33d88e4eec,0.0
381,0xc2d36124ef743d19ea9ace7bb6bd3ab3165bf7db,1515344801,0x13f25cd52b21650caa8225c9942337d914c9b030,0x384ab4863347538a043ef5ec163ac2c6ba9f6e4e8f7c2d009e4b36a2fcc1150f,0.0
382,0x564286362092d8e7936f0549571a803b203aaced,1515367585,0xc2d36124ef743d19ea9ace7bb6bd3ab3165bf7db,0xc1a871dc6c79accc1434ca2c60b6ff8ef061949b434b6df8ab744780b84832e2,6.0001
383,0x4544451c39b3ca161ec5662e12a97aeec4ab753c,1515369620,0x13f25cd52b21650caa8225c9942337d914c9b030,0x0ff061cf2bd243e5d149a49282787c28391b61086667545ccd146926fccc583a,0.0
384,0x4544451c39b3ca161ec5662e12a97aeec4ab753c,1515370036,0xa4d17ab1ee0efdd23edc2869e7ba96b89eecf9ab,0x8ca6af49db5c1354d4ab9b480c33b8cd8d8906ea5266967eb68717f6f571a6c7,0.0
385,0x4544451c39b3ca161ec5662e12a97aeec4ab753c,1515370485,0x13f25cd52b21650caa8225c9942337d914c9b030,0x936056433ab7f6ecd4322762bc473cbbb9c493b82ae9e49fe7eda6c7a29c513e,0.0
386,0x4544451c39b3ca161ec5662e12a97aeec4ab753c,1515371174,0xfd3d6458a3c43939e748f8f3ccdb46c499794a2c,0x55264fb8fb7cab2c9ce3f947a3f02183096296cdc3d175a2e5619c4a90ea63fd,3.2
387,0x4544451c39b3ca161ec5662e12a97aeec4ab753c,1515371492,0x13f25cd52b21650caa8225c9942337d914c9b030,0xe3e44ef3c3511730bd0f7eb4d813331aa310c203cf6529dd470d51047f1eaf29,0.0
388,0x4544451c39b3ca161ec5662e12a97aeec4ab753c,1515371798,0x13f25cd52b21650caa8225c9942337d914c9b030,0x8245dc984dc095560fff51e7c70bb9bd73db52b70abb107493277c01ff5c3358,0.0
389,0x4544451c39b3ca161ec5662e12a97aeec4ab753c,1515371937,0xa4d17ab1ee0efdd23edc2869e7ba96b89eecf9ab,0x634b3abc20457da1966bf4f05a2bcfe9816e74f83b0047592e7c5c09f5e93d53,0.0
390,0x4544451c39b3ca161ec5662e12a97aeec4ab753c,1515372421,0xa4d17ab1ee0efdd23edc2869e7ba96b89eecf9ab,0x87d8e5917194746084e85051bac3213afd41ca896e74ddc2110b87dfe14bc8b6,0.0
391,0x4544451c39b3ca161ec5662e12a97aeec4ab753c,1515378461,0xa4d17ab1ee0efdd23edc2869e7ba96b89eecf9ab,0x7a8a17730252ff12d7964407883fac3632f4303826e70d1dcc6a77f6cd609ee5,0.0
392,0x4544451c39b3ca161ec5662e12a97aeec4ab753c,1515378637,0x13f25cd52b21650caa8225c9942337d914c9b030,0xe84237b5f17231f2e64c029d59a08da5f6111c6612cfd78ac680554397c81c01,0.0
393,0xc2d36124ef743d19ea9ace7bb6bd3ab3165bf7db,1515378811,0x13f25cd52b21650caa8225c9942337d914c9b030,0x8dff3ffacd3f4f546d6e12edc02201d3f8248bcf374d2c6c840548b14f4b6892,0.0
394,0xc2d36124ef743d19ea9ace7bb6bd3ab3165bf7db,1515378891,0x13f25cd52b21650caa8225c9942337d914c9b030,0x6b8acadf02ec64c448382342b37eb217bfa43940ee1ce55b2da4b274d6a2e5a2,0.0
395,0xc2d36124ef743d19ea9ace7bb6bd3ab3165bf7db,1515379045,0x13f25cd52b21650caa8225c9942337d914c9b030,0x9ec5ba5e57b4f80e3c1b9bbbc280ebdb955d09cea5041b74fb559b7c68e8df34,0.0
396,0x4544451c39b3ca161ec5662e12a97aeec4ab753c,1515379045,0xa4d17ab1ee0efdd23edc2869e7ba96b89eecf9ab,0x937f36b5910e65acbe5fddd6e3da39aeae8ce674d0dab5a36752b936c6153a67,0.0
397,0xc2d36124ef743d19ea9ace7bb6bd3ab3165bf7db,1515379268,0x13f25cd52b21650caa8225c9942337d914c9b030,0xdaa31872d70edf154afa80be3055e526586d3e6e88efbd00b7dfbfda9a031bcb,0.0
398,0x4544451c39b3ca161ec5662e12a97aeec4ab753c,1515379961,0xa4d17ab1ee0efdd23edc2869e7ba96b89eecf9ab,0x1a30d5daff850bc70fee6e45916c876e188c25c96d571cd411006085f6f8850f,0.0
399,0xb039df879f41487396c6ef973272ed4db4c88c90,1515380451,0xc2d36124ef743d19ea9ace7bb6bd3ab3165bf7db,0x9328e7753eeb21d8da579bdc35d4058fce2d397e9b06218a2e7151ed5bf4068c,11.0
400,0x481e8e4e326867aca1e5c62dc399934a020b86a5,1515381864,0xc2d36124ef743d19ea9ace7bb6bd3ab3165bf7db,0xfe350ceb0571c01499d203a6bfd6c9ebe8b9d29bf0dc5d602b686273fa0707a0,20.0
401,0xcac725bef4f114f728cbcfd744a731c2a463c3fc,1515382530,0xc2d36124ef743d19ea9ace7bb6bd3ab3165bf7db,0xc1f648ce7af4d54564ad72d8f39134094eedd9b227fe8d635d57a8ce61889635,3.0001
402,0x4544451c39b3ca161ec5662e12a97aeec4ab753c,1515385802,0xfd3d6458a3c43939e748f8f3ccdb46c499794a2c,0x0d4492119b2349cd0a3f616ed15316b26ce08f0c972da9a2d866e2c185f4a394,40.0
403,0xc2d36124ef743d19ea9ace7bb6bd3ab3165bf7db,1515386753,0x13f25cd52b21650caa8225c9942337d914c9b030,0x10132ec9f54e1721d1f0ee4f053d43f51cdab829cdcc25acab6cb5fabe1efffd,0.0
404,0xc2d36124ef743d19ea9ace7bb6bd3ab3165bf7db,1515387384,0x3c5aac9f7a8d5a8bfb0f8b0f56af191e8273586d,0x6a2819727196783771762818e62241ba93654395fff8aecbf17f12f55dfa532a,30.0
405,0x2c7056a850cb0bc75397ce1ece6b74e3fc95a2c7,1515389539,0x4544451c39b3ca161ec5662e12a97aeec4ab753c,0xa7a7851658348f99e9871491105b20110f092afe2b93c66523ace90ba48ecb78,5.0
406,0x4544451c39b3ca161ec5662e12a97aeec4ab753c,1515389736,0xa4d17ab1ee0efdd23edc2869e7ba96b89eecf9ab,0x93d47eb0fb17496af816b7fdc92569050d86a8a15b044c6ea53db9e6351766fc,0.0
407,0x2c7056a850cb0bc75397ce1ece6b74e3fc95a2c7,1515391878,0x4544451c39b3ca161ec5662e12a97aeec4ab753c,0x79836a06bb12fef5b3c314dcb50099dffb1b2a89255f9c91955e4906f840eaef,6.5
408,0x4544451c39b3ca161ec5662e12a97aeec4ab753c,1515392029,0xd524dfc33c7a1d4a941addbafd646ade2d161d16,0x20a88873f8eea6705a01f0961d4e6912c09493852695315a5c5e54cf598d0f6b,5.0
409,0x4544451c39b3ca161ec5662e12a97aeec4ab753c,1515392822,0xa4d17ab1ee0efdd23edc2869e7ba96b89eecf9ab,0x1ffaa63d7ef1464ddd0f2ae671b289bb6f45b2aa3690a37ec0d4fd8cbf6685ac,0.0
410,0xe44799ef334df157e0f8e2855e5ebebdbc02b299,1515393531,0xc2d36124ef743d19ea9ace7bb6bd3ab3165bf7db,0x4230970ef5b568502c8d065c79478f64c1d6ee9c4743c5bf2f059597d0e82d55,700.0
411,0x4544451c39b3ca161ec5662e12a97aeec4ab753c,1515396805,0xfd3d6458a3c43939e748f8f3ccdb46c499794a2c,0xeeb107b4af23a7f99b2471d242bf0e9c436e2260a091b94be81e3087a213dd7c,4.0
412,0x4544451c39b3ca161ec5662e12a97aeec4ab753c,1515397035,0xd524dfc33c7a1d4a941addbafd646ade2d161d16,0x021b88014f67bca28c8ff03a028d64fccc53c3109f66d214cc24ce6cbdba0910,3.0
413,0x4544451c39b3ca161ec5662e12a97aeec4ab753c,1515403719,0xff98a08c143311719ca492e4b8c950c940f26872,0x9675688886bcdb75cd9a723f7444b7358fc40430b845d7b303d6195e1162ae3f,0.0
414,0x4544451c39b3ca161ec5662e12a97aeec4ab753c,1515409296,0xa4d17ab1ee0efdd23edc2869e7ba96b89eecf9ab,0x817d4fe3f3a848aac5649ca77ce0e4f88f6553e60e636d72e0571ab11a2fb5a8,0.0
415,0x4544451c39b3ca161ec5662e12a97aeec4ab753c,1515409393,0xa4d17ab1ee0efdd23edc2869e7ba96b89eecf9ab,0x93b4c07603a3ebc82652109cb1bf936ce6bdb349b6ca4f6f65c6365973e756bb,0.0
416,0x4544451c39b3ca161ec5662e12a97aeec4ab753c,1515409434,0xa4d17ab1ee0efdd23edc2869e7ba96b89eecf9ab,0xbc92b5f3b4475cbc10706fdee1ff7fb1a81ffecac6b99341f735f12f0ae8d1bb,0.0
417,0x4544451c39b3ca161ec5662e12a97aeec4ab753c,1515409573,0xa4d17ab1ee0efdd23edc2869e7ba96b89eecf9ab,0x5557966aae4aa92f5cafe78d67f63ace834e6f241edc024008354b21cf39a358,0.0
418,0x4544451c39b3ca161ec5662e12a97aeec4ab753c,1515409682,0xa4d17ab1ee0efdd23edc2869e7ba96b89eecf9ab,0xcd0473e65613affaaffbb03b700795b6deef9d0971c4c927884e1443442e6ee5,0.0
419,0x4544451c39b3ca161ec5662e12a97aeec4ab753c,1515414100,0xc134270787a59100c4688d73de1bfdbc7cd25603,0x51e582ba8ccaac6fa51ab875e53cce771a4cf6fab22ef2b51a681f7f7618d7f3,0.855
420,0xc2d36124ef743d19ea9ace7bb6bd3ab3165bf7db,1515421180,0x13f25cd52b21650caa8225c9942337d914c9b030,0xba7a6e4c15c1ebe526d4de40074f3df32a80aeef083bea14d7b90b47db00b56b,0.0
421,0xe44799ef334df157e0f8e2855e5ebebdbc02b299,1515422009,0xc2d36124ef743d19ea9ace7bb6bd3ab3165bf7db,0x778bab47672098b6d905d45af6b024eb1b80a7de7761f59b292766546a8a5375,1600.0
422,0xc2d36124ef743d19ea9ace7bb6bd3ab3165bf7db,1515454229,0x13f25cd52b21650caa8225c9942337d914c9b030,0x3f28d1d7e2cca33ca7336e2d802910243c1c5dd14b696d944aca14987f3df0db,0.0
423,0x74adb2bf390cad90c195d93bd93f656ab90c0435,1515461801,0x4544451c39b3ca161ec5662e12a97aeec4ab753c,0x254c897c42e24f1319984d3e383ab01ad5af80762a8c98595bbe68be5080eb6d,3.0
424,0x4544451c39b3ca161ec5662e12a97aeec4ab753c,1515464521,0x13f25cd52b21650caa8225c9942337d914c9b030,0xd3e0548cdc80852b1aeb65ae5ffe6e83825baf25e1d7717482bd275bc1e70cca,0.0
425,0x281f9fd6d8dfa9a73539c98030d5071c04ab62c1,1515466179,0xc2d36124ef743d19ea9ace7bb6bd3ab3165bf7db,0xd3a1c65c6d19b7a8259dec30212f6c5008eca50ee03319b0a3c548ea07a12e53,10.0
426,0xc2d36124ef743d19ea9ace7bb6bd3ab3165bf7db,1515466982,0x13f25cd52b21650caa8225c9942337d914c9b030,0xda19a227f28500dad0b7c1efc47f622453dcfe5aa05de7119a536fbafeffbc33,0.0
427,0xe44799ef334df157e0f8e2855e5ebebdbc02b299,1515467981,0xc2d36124ef743d19ea9ace7bb6bd3ab3165bf7db,0xf5762b21b87865d63efb2b868ae1a87801db7bea050e976c04fc5be64f6972f4,200.0
428,0xc2d36124ef743d19ea9ace7bb6bd3ab3165bf7db,1515468138,0x13f25cd52b21650caa8225c9942337d914c9b030,0x3d77cf5b7707d034d3f4ad8d1df5701e4897694ed9d418c63ffdd9ba778f41c3,0.0
429,0xc2d36124ef743d19ea9ace7bb6bd3ab3165bf7db,1515468642,0x13f25cd52b21650caa8225c9942337d914c9b030,0x881af3c0c5069c7cff6d822b8fa41cabfbcf8900e14f0fd5e1b271bb6d1782ee,0.0
430,0xc2d36124ef743d19ea9ace7bb6bd3ab3165bf7db,1515468906,0x13f25cd52b21650caa8225c9942337d914c9b030,0x4bcedb649d0e12ac89b66d843276c9a1fd6d20f3cac7a2d8cbd14ec568da570d,0.0
431,0xc2d36124ef743d19ea9ace7bb6bd3ab3165bf7db,1515469127,0x13f25cd52b21650caa8225c9942337d914c9b030,0x6f6b90beba2529a06bb7eb35b57e5565779af0160c3b4e195c8be94d5880118b,0.0
432,0x0681d8db095565fe8a346fa0277bffde9c0edbbf,1515469783,0x4544451c39b3ca161ec5662e12a97aeec4ab753c,0x2a305526078892718145e50a6ef33117c5749c8a1d92d2360d83a2df0c6d33da,30.0
433,0x564286362092d8e7936f0549571a803b203aaced,1515470631,0x4544451c39b3ca161ec5662e12a97aeec4ab753c,0x53055446e2f715fb5b2e6cb93761aff3b155e08df27b9c49459a8847d21239ca,13.991741049999998
434,0xf87c414879a640be929de9534aad0db27aa6b8e2,1515470753,0xc2d36124ef743d19ea9ace7bb6bd3ab3165bf7db,0x4d8804e709aa3fff758c0def56f793c4123819cb794786e42136c9ef5720b683,2.0
435,0x478d5c1cfdd1763d336b4f153d7169fa1007692b,1515471061,0x4544451c39b3ca161ec5662e12a97aeec4ab753c,0x3b3d5f2e5dadcf0bc4907a537c84613fd60883379f294267abaf7b716394eb29,58.3
436,0x4544451c39b3ca161ec5662e12a97aeec4ab753c,1515471226,0x28800aad3a784ba6a1395d082dc812d33c7baa7d,0x28aeda1146d06376982b9c78e8d04a52664b813c108148d43746d78c074817a0,100.0
437,0x3f5ce5fbfe3e9af3971dd833d26ba9b5c936f0be,1515471693,0x4544451c39b3ca161ec5662e12a97aeec4ab753c,0x2e66614b0c2dc333cf3e58676cc791dea4827ecdcef35487a55e019cbfb31bc0,2.431768
438,0xd551234ae421e3bcba99a0da6d736074f22192ff,1515471890,0x4544451c39b3ca161ec5662e12a97aeec4ab753c,0x13a5d924717208da583536d5fdb8681f93e8043aafab99dd2da7fcd9a96ce2ef,3.0
439,0x3d64facacd587aec0ca28f06db62a85551bd7524,1515472022,0xc2d36124ef743d19ea9ace7bb6bd3ab3165bf7db,0x5816bf1b6eb0771aecc304fc26f585fd4ba291bb41a92267db724d90f0bc38ba,2.0
440,0xdf2b269ba67b489f3c964796c31a34c1db8195fb,1515473008,0x4544451c39b3ca161ec5662e12a97aeec4ab753c,0x9efc300edfb5429ef77b614910429d1b10ef712578813b019c6c7c957679bc22,4.4
441,0x0681d8db095565fe8a346fa0277bffde9c0edbbf,1515473134,0x4544451c39b3ca161ec5662e12a97aeec4ab753c,0x898b00113139077200375a1adf949c5e3ddb050f586eb9555db6b170d463a3c1,15.62080511
442,0x4544451c39b3ca161ec5662e12a97aeec4ab753c,1515473466,0x28800aad3a784ba6a1395d082dc812d33c7baa7d,0x69299115ff6a754cfc33f0d25289d11f92d184c175858186c7740b1a91dc75fe,30.0
443,0xd551234ae421e3bcba99a0da6d736074f22192ff,1515473475,0x4544451c39b3ca161ec5662e12a97aeec4ab753c,0xa8cc9b43ba092447ce5ce5e3dbe54a8edaebe07138f8f25ff9cbda4c736914cd,3.0
444,0xcac725bef4f114f728cbcfd744a731c2a463c3fc,1515474020,0x4544451c39b3ca161ec5662e12a97aeec4ab753c,0xc18a8afae040266c51fab1f033e9fa36ec0eefbb4f278810f605839b01a3ae73,10.639000000000001
445,0x74adb2bf390cad90c195d93bd93f656ab90c0435,1515475254,0x4544451c39b3ca161ec5662e12a97aeec4ab753c,0x80a51e294ecb831f973233bb1dc51bef123ea8af3918bcc3a97b2925f1213c73,3.0
446,0x56508513a3aebcf258f7b0fea4bb7fc857c4a5e5,1515475361,0x4544451c39b3ca161ec5662e12a97aeec4ab753c,0x2c0253aad6bfc071874b6ab0edd7b6eb8ed2d332823593dbf5055aff4458fe60,20.0
447,0xdf2b269ba67b489f3c964796c31a34c1db8195fb,1515476349,0x4544451c39b3ca161ec5662e12a97aeec4ab753c,0x63b5324654341c83f041df2cfb187ee2c17245ac56ab2790bd5a5bb1857b1af2,0.6
448,0x4544451c39b3ca161ec5662e12a97aeec4ab753c,1515483926,0xb017b8281dd82cd29f6c49a97676610ce49edc2b,0xd5c05707de0557962cec6d03ab17857c57b03e28d3afc7d2ae292ba9a64f4c33,25.0
449,0x6f4d027a2335866e4bf7979e7a3e5bf75495906e,1515485164,0xc2d36124ef743d19ea9ace7bb6bd3ab3165bf7db,0xd8f3cc304e7e0df5fb2ea2b647d5d167dde540b84e1209c5b49b1a2695e830c4,3.0
450,0x59001ce1626835e83634b2b5074b29642a829332,1515485740,0xc2d36124ef743d19ea9ace7bb6bd3ab3165bf7db,0x46d7c5e36cb8be9a124921aaa6890e5bc1b5d88926dc0dcf31fd45646f466ebc,2.000876
451,0xdcec1ae32a159195fce9d4d011c8cb9ee709ebe5,1515486169,0xc2d36124ef743d19ea9ace7bb6bd3ab3165bf7db,0x30f26620ba9d6e7c1b619a1284f21283644f84d1e397e5ff0c552a94470ff7aa,13.0005
452,0xba98e0822cad464705ccea7f469af5a88e068385,1515493863,0xc2d36124ef743d19ea9ace7bb6bd3ab3165bf7db,0x9e3a87a46e17d4aa61d400aaad79e70432d16daf2d58b15a5fe159e3061a782b,18.000003
453,0x6f4d027a2335866e4bf7979e7a3e5bf75495906e,1515495094,0xc2d36124ef743d19ea9ace7bb6bd3ab3165bf7db,0x3de1db872eb015445a6c8384089f1669feb3e004a1a6f2f2d30169f2db3394dc,1.01000013
454,0x53be7616570804ae3c6aa5f28c5d19a38962d94f,1515497906,0xc2d36124ef743d19ea9ace7bb6bd3ab3165bf7db,0x2ebdf33afd8b408632663b84ec9ba94a782f0e2025755395b1dc3bc91c440234,3.00015
455,0x4544451c39b3ca161ec5662e12a97aeec4ab753c,1515498693,0x79c51dddc383ddd515ae5ee469096797e0fa5afb,0x3e1ab92040ae073e2ffcaa28ed246795b5208722b513b855afb5ff2a9f89ce7a,12.0
456,0xe2addf8a1358e46f9f72e8d94b9878cb35acf337,1515501303,0xc2d36124ef743d19ea9ace7bb6bd3ab3165bf7db,0x340b72e18c9d23979bc926a1ef5baee1278e1430aa2a196b7e847e579dbc2bf6,40.0
457,0x887cb7cb18c3366a5b5b50f921eb9eb4b7cdfefc,1515503036,0xc2d36124ef743d19ea9ace7bb6bd3ab3165bf7db,0x527d14b422b3afdbbec23e1e1b5eda8f848744ee0cd876a96a7aa115cc51a4ca,2.0
458,0x3974d816a969908a82428384c728fbd8faffbfe1,1515503155,0x4544451c39b3ca161ec5662e12a97aeec4ab753c,0x0c5fb690f23323acea14cf2132d44f3d928195e50675dd6e182a7df7982ba6fc,2.9949
459,0x30a3f7b687b709e40cde215256462b86205b6dde,1515503624,0xc2d36124ef743d19ea9ace7bb6bd3ab3165bf7db,0xb3fccb29eee84462e13a9c854b4903ceb973c47404113452bffebf2356ad05dc,5.0
460,0x65e2c5175e2e618f48e70343b14c31b280e42d90,1515504657,0xc2d36124ef743d19ea9ace7bb6bd3ab3165bf7db,0xc23e231b308fcec2095df14d2dd26acdd33db82078a050af57768e1cfe3efe1d,6.00002
461,0xd75682234ea7676b9ce7d9a11ff4a0a4d23a8ddc,1515507718,0x4544451c39b3ca161ec5662e12a97aeec4ab753c,0x620e2e7153a3581df5c9ac2f5636129fe19bc847a866454d9a74994b106bba14,15.0
462,0x236f9f97e0e62388479bf9e5ba4889e46b0273c3,1515508347,0x4544451c39b3ca161ec5662e12a97aeec4ab753c,0xc10492711d312863b464f758c424e3c323f4743127de5d915ce1ee36f4cd2ed6,2.01
463,0x4544451c39b3ca161ec5662e12a97aeec4ab753c,1515508347,0x4ca359fa6ac8d9f392fe2b402af7088ab5323eee,0x0a90f6bebc8e26b3aee4a1e83d34d99c0f498c8ac58c35a5a1262561d9c5920c,18.0
464,0x3f5ce5fbfe3e9af3971dd833d26ba9b5c936f0be,1515512250,0x4544451c39b3ca161ec5662e12a97aeec4ab753c,0xdc222dabfdff4d389e461a83b5df68b946786101cec70270d6b5e03c3b638ebb,67.16061739
465,0x4544451c39b3ca161ec5662e12a97aeec4ab753c,1515512843,0x28800aad3a784ba6a1395d082dc812d33c7baa7d,0x41f19a3490742b9bd196021b006f0fd53e117e89f5e0be6776c47be33de3c651,70.0
466,0xd551234ae421e3bcba99a0da6d736074f22192ff,1515512978,0x4544451c39b3ca161ec5662e12a97aeec4ab753c,0x05cb6ca5a8e9809db15993c6d9f9de8c5b4e7873a2ccb71a826fd302c0a8b2aa,20.0
467,0x3922185e744ee8e92e47829f5f3809b8d7d50176,1515512995,0xc2d36124ef743d19ea9ace7bb6bd3ab3165bf7db,0x7c8546ed4ab71db16d4792ce6f3fda1ccaea9f717e8f3c051b8da6031d5c38a5,10.04123
468,0x28800aad3a784ba6a1395d082dc812d33c7baa7d,1515513724,0x4544451c39b3ca161ec5662e12a97aeec4ab753c,0x9d5b0840a9f67541fca610d2ee9067a48017f236ab11d18e6e3f488a5fc71132,20.0
469,0x4544451c39b3ca161ec5662e12a97aeec4ab753c,1515517447,0x58d0a58e4b165a27e4e1b8c2a3ef39c89b581180,0x98bb446b0589b06756cd8f230be15bbaedbef993925a0a670b9f29d0cc4488fb,0.0
470,0x478d5c1cfdd1763d336b4f153d7169fa1007692b,1515519413,0x4544451c39b3ca161ec5662e12a97aeec4ab753c,0xe6042da7644aed5b69d238097173547371bc886baa73eccb604afeac70b8e2f1,43.5
471,0xfee53bdacc2615f243995cb50d19ebbbe10070b6,1515521039,0x4544451c39b3ca161ec5662e12a97aeec4ab753c,0xb7e4240da3ea849a7addae1e9c56461634db18817e25f794e07d9d33ad2bf415,10.0
472,0xcd28190d6aaa65c2052791b2d8f68fc77e666f0d,1515541335,0xc2d36124ef743d19ea9ace7bb6bd3ab3165bf7db,0x1061a8280db0912e5719196545afa9a52bdf877cf54ea61e1317707f09ff680b,18.0
473,0x4544451c39b3ca161ec5662e12a97aeec4ab753c,1515542449,0x263c618480dbe35c300d8d5ecda19bbb986acaed,0x2c1d4ebb6370c9589add1a25ebc7e360501174e750b8daf6cb946139b091ef56,0.0
474,0x4544451c39b3ca161ec5662e12a97aeec4ab753c,1515544230,0xd0f33da5371db8f4744323111b86899d711b475a,0xd8ed94bf1b3170d0a65c32b5b648fd175a1671f71e6b018efb63afd414b1a83e,8.0
475,0x4544451c39b3ca161ec5662e12a97aeec4ab753c,1515544878,0xadf43e2fab82f1f8fac4e9ecfe02f656c536104b,0x674824d78d6fc430d38e56ebf843dcaa98f1df981a29253351aa66cfbda1ba38,5.0
476,0x4544451c39b3ca161ec5662e12a97aeec4ab753c,1515545510,0xfd3d6458a3c43939e748f8f3ccdb46c499794a2c,0x8a136cb32c5f24741f43494aba963fc211602d1c405d391eb1ce1455842c293f,29.0
477,0x4544451c39b3ca161ec5662e12a97aeec4ab753c,1515545875,0x42c821dbfd62afdd0e099afcc7278503d55a5ef6,0x9f2649026bf93cdfee4382e7108c37172167c548838280d50f88661fc6892acf,10.0
478,0x4544451c39b3ca161ec5662e12a97aeec4ab753c,1515546128,0xd0f33da5371db8f4744323111b86899d711b475a,0xda1493665b9298843c84eb873b3741115113a537e39adbf122272b09810b13ee,5.0
479,0x4544451c39b3ca161ec5662e12a97aeec4ab753c,1515546536,0xb11730de3eb3aa5c8be1564a18cfd4509ff5d8eb,0x26bd7792932ca176b1a2bf473e74091719109912a37c4b370438952cbbf510cf,2.0
480,0x4544451c39b3ca161ec5662e12a97aeec4ab753c,1515546797,0x58d0a58e4b165a27e4e1b8c2a3ef39c89b581180,0xd64923d302e5883d52d5640c63ffcb25a8593e3ed8d7d2c837b197082324719d,0.0
481,0x4544451c39b3ca161ec5662e12a97aeec4ab753c,1515546871,0x2ccf3b5e3668620f600d1b6f3fb445d51bc81f84,0x30e2438d99cf387748c19fdd9834bc4e2ab0b5bf982ac9fba7a623d7c529723a,5.0
482,0x4544451c39b3ca161ec5662e12a97aeec4ab753c,1515547115,0xfd3d6458a3c43939e748f8f3ccdb46c499794a2c,0xb396459d9b12afb6e7108f986519333f434c899f18c1ea5fde67ec6645b57536,29.0
483,0x093bca2487a2a22375c974c64124f2707dde5fc7,1515549612,0xc2d36124ef743d19ea9ace7bb6bd3ab3165bf7db,0x061ab274ba9515af52d0e2a39011b305d8344182a4350dbfc84974dfa082a47c,10.0008
484,0xc2d36124ef743d19ea9ace7bb6bd3ab3165bf7db,1515549984,0x13f25cd52b21650caa8225c9942337d914c9b030,0x1ea4a809535dd8da2cae2cc077b197d9243417071d168d168198b15fc9e0c7d2,0.0
485,0x68276412867b05df766b4a0a70d0c7f17325b07a,1515550709,0xc2d36124ef743d19ea9ace7bb6bd3ab3165bf7db,0x52a5a39559b5fbec5d994bf4618c2ccdd78a113efb2c7cf904f5f313dd1579de,80.0
486,0x4544451c39b3ca161ec5662e12a97aeec4ab753c,1515550805,0x58d0a58e4b165a27e4e1b8c2a3ef39c89b581180,0x660bec1b7df96c53141dea073a7a5fefe81dda3ddff23e87cd211329408c21d8,0.0
487,0xc2d36124ef743d19ea9ace7bb6bd3ab3165bf7db,1515552314,0x13f25cd52b21650caa8225c9942337d914c9b030,0x8e5e3ba42b36d4fbf8f90faa396c87920d532d82e257e99b299eb68edf8d6d63,0.0
488,0xe44799ef334df157e0f8e2855e5ebebdbc02b299,1515556467,0xc2d36124ef743d19ea9ace7bb6bd3ab3165bf7db,0xdd69bb2102912ebe1495a53ef5930c1afd39f091f47d612d4a836fd87203bd6b,60.0
489,0xcac725bef4f114f728cbcfd744a731c2a463c3fc,1515556747,0xc2d36124ef743d19ea9ace7bb6bd3ab3165bf7db,0xafe18abeaa654d93fa3d2ecda00ef8e7dcf63d818e44c7f266be61dcc271a04d,2.0
490,0x283a059b5456f1ac6fb6a2b4dac76bc5facb3d86,1515561502,0xc2d36124ef743d19ea9ace7bb6bd3ab3165bf7db,0x579d3b4057bba04ef29eb87891c104a1f9e98ba3b708e4809eeb3717a2994734,140.08
491,0xc2d36124ef743d19ea9ace7bb6bd3ab3165bf7db,1515562303,0x2dcbe69aff4df2731896fa1385dea5198b125e41,0x44de6a69c1198de49cf95bef77d10a3a9ae53eaa65987489c354b9c6059a1b22,2938.0
492,0x0681d8db095565fe8a346fa0277bffde9c0edbbf,1515579589,0x4544451c39b3ca161ec5662e12a97aeec4ab753c,0xf297f2a4f4c25710c8fcbc270fcc9be5b29ccefc3ccc39b765aa0963c0743be9,9.98904311
493,0x4544451c39b3ca161ec5662e12a97aeec4ab753c,1515579848,0xb5b720c00d9184afe0fd857ffff7cc7d3845eaa3,0x115d7f614ace5e201aaa78bc8b8d552aa8a854ea752ae4d8f2027ae46e507558,10.0
494,0x3356e3169b41a5322ea09d5e786099134959c2c9,1515582387,0xc2d36124ef743d19ea9ace7bb6bd3ab3165bf7db,0xc2b08023d2128938a667fdd919d76f0be627a0e8246afa520db6396231cc8c75,2.001
495,0xc2d36124ef743d19ea9ace7bb6bd3ab3165bf7db,1515642435,0x653430560be843c4a3d143d0110e896c2ab8ac0d,0xc64e5ee0a7a8d82f18c3b3bd986b3ba7cb54e4e8a1f1724b5f7f1bc41aef5626,0.0
496,0xc2d36124ef743d19ea9ace7bb6bd3ab3165bf7db,1515643557,0x653430560be843c4a3d143d0110e896c2ab8ac0d,0x95b045c7ade24f3615af19030b4610d888498da09c060829f0a5a82976ae7fe4,0.0
497,0xc2d36124ef743d19ea9ace7bb6bd3ab3165bf7db,1515643686,0x653430560be843c4a3d143d0110e896c2ab8ac0d,0xf6cbcb03123f33c71e82626b4801a98ef66512427f69967bec545119afa2df85,0.0
498,0xcfb67220b4f71839f55de933e3c1d1829107c5a4,1515650845,0xc2d36124ef743d19ea9ace7bb6bd3ab3165bf7db,0x54a5da8b820190f6645dd2b4b4d2143fa50bd219193958d1e077b0f692acf9d5,7.0
499,0xc2d36124ef743d19ea9ace7bb6bd3ab3165bf7db,1515670721,0x653430560be843c4a3d143d0110e896c2ab8ac0d,0xfaae4a5b92d7f5ea868c3a985e58dbcda8b44a8c2d3560b2b5ddf49fef0732a1,0.0
500,0x4544451c39b3ca161ec5662e12a97aeec4ab753c,1515677310,0xa4d17ab1ee0efdd23edc2869e7ba96b89eecf9ab,0x9497280149fbb0965c696165158ef157f5baf41a3d5adfc37da3edb2c57f5268,0.0
501,0x4544451c39b3ca161ec5662e12a97aeec4ab753c,1515682310,0xa4d17ab1ee0efdd23edc2869e7ba96b89eecf9ab,0x892330e8d00bccc0a2ed092cf62aa8462865cbe38abaa055e1ab477c929e9c09,0.0
502,0x4544451c39b3ca161ec5662e12a97aeec4ab753c,1515684102,0x80bc5512561c7f85a3a9508c7df7901b370fa1df,0x41a3c56360145bd5836d3fba08fc5468542a1c7696dfb95677830df891efad88,0.0
